,Season,team,coach_name
0,2020/2021,MIL,M. Budenholzer
1,2019/2020,MIL,M. Budenholzer
2,2018/2019,MIL,M. Budenholzer
3,2017/2018,MIL,J. Kidd
4,2016/2017,MIL,J. Kidd
5,2015/2016,MIL,J. Kidd
6,2014/2015,MIL,J. Kidd
7,2013/2014,MIL,L. Drew
8,2012/2013,MIL,S. Skiles
9,2011/2012,MIL,S. Skiles
10,2010/2011,MIL,S. Skiles
11,2009/2010,MIL,S. Skiles
12,2008/2009,MIL,S. Skiles
13,2007/2008,MIL,L. Krystkowiak
14,2006/2007,MIL,T. Stotts
15,2005/2006,MIL,T. Stotts
16,2004/2005,MIL,T. Porter
17,2003/2004,MIL,T. Porter
18,2002/2003,MIL,G. Karl
19,2001/2002,MIL,G. Karl
20,2000/2001,MIL,G. Karl
21,1999/2000,MIL,G. Karl
22,1998/1999,MIL,G. Karl
23,1997/1998,MIL,C. Ford
24,1996/1997,MIL,C. Ford
25,1995/1996,MIL,M. Dunleavy
26,1994/1995,MIL,M. Dunleavy
27,1993/1994,MIL,M. Dunleavy
28,1992/1993,MIL,M. Dunleavy
29,1991/1992,MIL,D. Harris
30,1990/1991,MIL,D. Harris
31,1989/1990,MIL,D. Harris
32,1988/1989,MIL,D. Harris
33,1987/1988,MIL,D. Harris
34,1986/1987,MIL,D. Nelson
35,1985/1986,MIL,D. Nelson
36,1984/1985,MIL,D. Nelson
37,1983/1984,MIL,D. Nelson
38,1982/1983,MIL,D. Nelson
39,1981/1982,MIL,D. Nelson
40,1980/1981,MIL,D. Nelson
41,1979/1980,MIL,D. Nelson
42,1978/1979,MIL,D. Nelson
43,1977/1978,MIL,D. Nelson
44,1976/1977,MIL,L. Costello
45,1975/1976,MIL,L. Costello
46,1974/1975,MIL,L. Costello
47,1973/1974,MIL,L. Costello
48,1972/1973,MIL,L. Costello
49,1971/1972,MIL,L. Costello
50,1970/1971,MIL,L. Costello
51,1969/1970,MIL,L. Costello
52,1968/1969,MIL,L. Costello
0,2020/2021,CHI,B. Donovan
1,2019/2020,CHI,J. Boylen
2,2018/2019,CHI,F. Hoiberg
3,2017/2018,CHI,F. Hoiberg
4,2016/2017,CHI,F. Hoiberg
5,2015/2016,CHI,F. Hoiberg
6,2014/2015,CHI,T. Thibodeau
7,2013/2014,CHI,T. Thibodeau
8,2012/2013,CHI,T. Thibodeau
9,2011/2012,CHI,T. Thibodeau
10,2010/2011,CHI,T. Thibodeau
11,2009/2010,CHI,V. Del Negro
12,2008/2009,CHI,V. Del Negro
13,2007/2008,CHI,S. Skiles
14,2006/2007,CHI,S. Skiles
15,2005/2006,CHI,S. Skiles
16,2004/2005,CHI,S. Skiles
17,2003/2004,CHI,B. Cartwright
18,2002/2003,CHI,B. Cartwright
19,2001/2002,CHI,T. Floyd
20,2000/2001,CHI,T. Floyd
21,1999/2000,CHI,T. Floyd
22,1998/1999,CHI,T. Floyd
23,1997/1998,CHI,P. Jackson
24,1996/1997,CHI,P. Jackson
25,1995/1996,CHI,P. Jackson
26,1994/1995,CHI,P. Jackson
27,1993/1994,CHI,P. Jackson
28,1992/1993,CHI,P. Jackson
29,1991/1992,CHI,P. Jackson
30,1990/1991,CHI,P. Jackson
31,1989/1990,CHI,P. Jackson
32,1988/1989,CHI,D. Collins
33,1987/1988,CHI,D. Collins
34,1986/1987,CHI,D. Collins
35,1985/1986,CHI,S. Albeck
36,1984/1985,CHI,K. Loughery
37,1983/1984,CHI,K. Loughery
38,1982/1983,CHI,P. Westhead
39,1981/1982,CHI,J. Sloan
40,1980/1981,CHI,J. Sloan
41,1979/1980,CHI,J. Sloan
42,1978/1979,CHI,L. Costello
43,1977/1978,CHI,E. Badger
44,1976/1977,CHI,E. Badger
45,1975/1976,CHI,D. Motta
46,1974/1975,CHI,D. Motta
47,1973/1974,CHI,D. Motta
48,1972/1973,CHI,D. Motta
49,1971/1972,CHI,D. Motta
50,1970/1971,CHI,D. Motta
51,1969/1970,CHI,D. Motta
52,1968/1969,CHI,D. Motta
53,1967/1968,CHI,R. Kerr
54,1966/1967,CHI,R. Kerr
0,2020/2021,IND,N. Bjorkgren
1,2019/2020,IND,N. McMillan
2,2018/2019,IND,N. McMillan
3,2017/2018,IND,N. McMillan
4,2016/2017,IND,N. McMillan
5,2015/2016,IND,F. Vogel
6,2014/2015,IND,F. Vogel
7,2013/2014,IND,F. Vogel
8,2012/2013,IND,F. Vogel
9,2011/2012,IND,F. Vogel
10,2010/2011,IND,J. O'Brien
11,2009/2010,IND,J. O'Brien
12,2008/2009,IND,J. O'Brien
13,2007/2008,IND,J. O'Brien
14,2006/2007,IND,R. Carlisle
15,2005/2006,IND,R. Carlisle
16,2004/2005,IND,R. Carlisle
17,2003/2004,IND,R. Carlisle
18,2002/2003,IND,I. Thomas
19,2001/2002,IND,I. Thomas
20,2000/2001,IND,I. Thomas
21,1999/2000,IND,L. Bird
22,1998/1999,IND,L. Bird
23,1997/1998,IND,L. Bird
24,1996/1997,IND,L. Brown
25,1995/1996,IND,L. Brown
26,1994/1995,IND,L. Brown
27,1993/1994,IND,L. Brown
28,1992/1993,IND,B. Hill
29,1991/1992,IND,B. Hill
30,1990/1991,IND,D. Versace
31,1989/1990,IND,D. Versace
32,1988/1989,IND,J. Ramsay
33,1987/1988,IND,J. Ramsay
34,1986/1987,IND,J. Ramsay
35,1985/1986,IND,G. Irvine
36,1984/1985,IND,G. Irvine
37,1983/1984,IND,J. McKinney
38,1982/1983,IND,J. McKinney
39,1981/1982,IND,J. McKinney
40,1980/1981,IND,J. McKinney
41,1979/1980,IND,S. Leonard
42,1978/1979,IND,S. Leonard
43,1977/1978,IND,S. Leonard
44,1976/1977,IND,S. Leonard
45,1975/1976,IND,S. Leonard
46,1974/1975,IND,S. Leonard
47,1973/1974,IND,S. Leonard
48,1972/1973,IND,S. Leonard
49,1971/1972,IND,S. Leonard
50,1970/1971,IND,S. Leonard
51,1969/1970,IND,S. Leonard
52,1968/1969,IND,L. Staverman
53,1967/1968,IND,L. Staverman
0,2020/2021,DET,D. Casey
1,2019/2020,DET,D. Casey
2,2018/2019,DET,D. Casey
3,2017/2018,DET,S. Van Gundy
4,2016/2017,DET,S. Van Gundy
5,2015/2016,DET,S. Van Gundy
6,2014/2015,DET,S. Van Gundy
7,2013/2014,DET,M. Cheeks
8,2012/2013,DET,L. Frank
9,2011/2012,DET,L. Frank
10,2010/2011,DET,J. Kuester
11,2009/2010,DET,J. Kuester
12,2008/2009,DET,M. Curry
13,2007/2008,DET,F. Saunders
14,2006/2007,DET,F. Saunders
15,2005/2006,DET,F. Saunders
16,2004/2005,DET,L. Brown
17,2003/2004,DET,L. Brown
18,2002/2003,DET,R. Carlisle
19,2001/2002,DET,R. Carlisle
20,2000/2001,DET,G. Irvine
21,1999/2000,DET,A. Gentry
22,1998/1999,DET,A. Gentry
23,1997/1998,DET,D. Collins
24,1996/1997,DET,D. Collins
25,1995/1996,DET,D. Collins
26,1994/1995,DET,D. Chaney
27,1993/1994,DET,D. Chaney
28,1992/1993,DET,R. Rothstein
29,1991/1992,DET,C. Daly
30,1990/1991,DET,C. Daly
31,1989/1990,DET,C. Daly
32,1988/1989,DET,C. Daly
33,1987/1988,DET,C. Daly
34,1986/1987,DET,C. Daly
35,1985/1986,DET,C. Daly
36,1984/1985,DET,C. Daly
37,1983/1984,DET,C. Daly
38,1982/1983,DET,S. Robertson
39,1981/1982,DET,S. Robertson
40,1980/1981,DET,S. Robertson
41,1979/1980,DET,D. Vitale
42,1978/1979,DET,D. Vitale
43,1977/1978,DET,H. Brown
44,1976/1977,DET,H. Brown
45,1975/1976,DET,R. Scott
46,1974/1975,DET,R. Scott
47,1973/1974,DET,R. Scott
48,1972/1973,DET,E. Lloyd
49,1971/1972,DET,B. van Breda Kolff
50,1970/1971,DET,B. van Breda Kolff
51,1969/1970,DET,B. van Breda Kolff
52,1968/1969,DET,D. Butcher
53,1967/1968,DET,D. Butcher
54,1966/1967,DET,D. DeBusschere
55,1965/1966,DET,D. DeBusschere
56,1964/1965,DET,C. Wolf
57,1963/1964,DET,C. Wolf
58,1962/1963,DET,D. McGuire
59,1961/1962,DET,D. McGuire
60,1960/1961,DET,D. McGuire
61,1959/1960,DET,R. Rocha
62,1958/1959,DET,R. Rocha
63,1957/1958,DET,C. Eckman
64,1956/1957,FTW,C. Eckman
65,1955/1956,FTW,C. Eckman
66,1954/1955,FTW,C. Eckman
67,1953/1954,FTW,P. Birch
68,1952/1953,FTW,P. Birch
69,1951/1952,FTW,P. Birch
70,1950/1951,FTW,M. Mendenhall
71,1949/1950,FTW,M. Mendenhall
72,1948/1949,FTW,C. Bennett
0,2020/2021,CLE,J. Bickerstaff
1,2019/2020,CLE,J. Beilein
2,2018/2019,CLE,T. Lue
3,2017/2018,CLE,T. Lue
4,2016/2017,CLE,T. Lue
5,2015/2016,CLE,D. Blatt
6,2014/2015,CLE,D. Blatt
7,2013/2014,CLE,M. Brown
8,2012/2013,CLE,B. Scott
9,2011/2012,CLE,B. Scott
10,2010/2011,CLE,B. Scott
11,2009/2010,CLE,M. Brown
12,2008/2009,CLE,M. Brown
13,2007/2008,CLE,M. Brown
14,2006/2007,CLE,M. Brown
15,2005/2006,CLE,M. Brown
16,2004/2005,CLE,P. Silas
17,2003/2004,CLE,P. Silas
18,2002/2003,CLE,J. Lucas
19,2001/2002,CLE,J. Lucas
20,2000/2001,CLE,R. Wittman
21,1999/2000,CLE,R. Wittman
22,1998/1999,CLE,M. Fratello
23,1997/1998,CLE,M. Fratello
24,1996/1997,CLE,M. Fratello
25,1995/1996,CLE,M. Fratello
26,1994/1995,CLE,M. Fratello
27,1993/1994,CLE,M. Fratello
28,1992/1993,CLE,L. Wilkens
29,1991/1992,CLE,L. Wilkens
30,1990/1991,CLE,L. Wilkens
31,1989/1990,CLE,L. Wilkens
32,1988/1989,CLE,L. Wilkens
33,1987/1988,CLE,L. Wilkens
34,1986/1987,CLE,L. Wilkens
35,1985/1986,CLE,G. Karl
36,1984/1985,CLE,G. Karl
37,1983/1984,CLE,T. Nissalke
38,1982/1983,CLE,T. Nissalke
39,1981/1982,CLE,D. Delaney
40,1980/1981,CLE,B. Musselman
41,1979/1980,CLE,S. Albeck
42,1978/1979,CLE,B. Fitch
43,1977/1978,CLE,B. Fitch
44,1976/1977,CLE,B. Fitch
45,1975/1976,CLE,B. Fitch
46,1974/1975,CLE,B. Fitch
47,1973/1974,CLE,B. Fitch
48,1972/1973,CLE,B. Fitch
49,1971/1972,CLE,B. Fitch
50,1970/1971,CLE,B. Fitch
0,2020/2021,ATL,L. Pierce
1,2019/2020,ATL,L. Pierce
2,2018/2019,ATL,L. Pierce
3,2017/2018,ATL,M. Budenholzer
4,2016/2017,ATL,M. Budenholzer
5,2015/2016,ATL,M. Budenholzer
6,2014/2015,ATL,M. Budenholzer
7,2013/2014,ATL,M. Budenholzer
8,2012/2013,ATL,L. Drew
9,2011/2012,ATL,L. Drew
10,2010/2011,ATL,L. Drew
11,2009/2010,ATL,M. Woodson
12,2008/2009,ATL,M. Woodson
13,2007/2008,ATL,M. Woodson
14,2006/2007,ATL,M. Woodson
15,2005/2006,ATL,M. Woodson
16,2004/2005,ATL,M. Woodson
17,2003/2004,ATL,T. Stotts
18,2002/2003,ATL,L. Kruger
19,2001/2002,ATL,L. Kruger
20,2000/2001,ATL,L. Kruger
21,1999/2000,ATL,L. Wilkens
22,1998/1999,ATL,L. Wilkens
23,1997/1998,ATL,L. Wilkens
24,1996/1997,ATL,L. Wilkens
25,1995/1996,ATL,L. Wilkens
26,1994/1995,ATL,L. Wilkens
27,1993/1994,ATL,L. Wilkens
28,1992/1993,ATL,B. Weiss
29,1991/1992,ATL,B. Weiss
30,1990/1991,ATL,B. Weiss
31,1989/1990,ATL,M. Fratello
32,1988/1989,ATL,M. Fratello
33,1987/1988,ATL,M. Fratello
34,1986/1987,ATL,M. Fratello
35,1985/1986,ATL,M. Fratello
36,1984/1985,ATL,M. Fratello
37,1983/1984,ATL,M. Fratello
38,1982/1983,ATL,K. Loughery
39,1981/1982,ATL,K. Loughery
40,1980/1981,ATL,H. Brown
41,1979/1980,ATL,H. Brown
42,1978/1979,ATL,H. Brown
43,1977/1978,ATL,H. Brown
44,1976/1977,ATL,H. Brown
45,1975/1976,ATL,C. Fitzsimmons
46,1974/1975,ATL,C. Fitzsimmons
47,1973/1974,ATL,C. Fitzsimmons
48,1972/1973,ATL,C. Fitzsimmons
49,1971/1972,ATL,R. Guerin
50,1970/1971,ATL,R. Guerin
51,1969/1970,ATL,R. Guerin
52,1968/1969,ATL,R. Guerin
53,1967/1968,STL,R. Guerin
54,1966/1967,STL,R. Guerin
55,1965/1966,STL,R. Guerin
56,1964/1965,STL,H. Gallatin
57,1963/1964,STL,H. Gallatin
58,1962/1963,STL,H. Gallatin
59,1961/1962,STL,P. Seymour
60,1960/1961,STL,P. Seymour
61,1959/1960,STL,E. Macauley
62,1958/1959,STL,A. Phillip
63,1957/1958,STL,A. Hannum
64,1956/1957,STL,R. Holzman
65,1955/1956,STL,R. Holzman
66,1954/1955,MLH,R. Holzman
67,1953/1954,MLH,A. Levane
68,1952/1953,MLH,A. Levane
69,1951/1952,MLH,D. Moore
70,1950/1951,TRI,D. McMillan
71,1949/1950,TRI,R. Potter
0,2020/2021,MIA,E. Spoelstra
1,2019/2020,MIA,E. Spoelstra
2,2018/2019,MIA,E. Spoelstra
3,2017/2018,MIA,E. Spoelstra
4,2016/2017,MIA,E. Spoelstra
5,2015/2016,MIA,E. Spoelstra
6,2014/2015,MIA,E. Spoelstra
7,2013/2014,MIA,E. Spoelstra
8,2012/2013,MIA,E. Spoelstra
9,2011/2012,MIA,E. Spoelstra
10,2010/2011,MIA,E. Spoelstra
11,2009/2010,MIA,E. Spoelstra
12,2008/2009,MIA,E. Spoelstra
13,2007/2008,MIA,P. Riley
14,2006/2007,MIA,P. Riley
15,2005/2006,MIA,S. Van Gundy
16,2004/2005,MIA,S. Van Gundy
17,2003/2004,MIA,S. Van Gundy
18,2002/2003,MIA,P. Riley
19,2001/2002,MIA,P. Riley
20,2000/2001,MIA,P. Riley
21,1999/2000,MIA,P. Riley
22,1998/1999,MIA,P. Riley
23,1997/1998,MIA,P. Riley
24,1996/1997,MIA,P. Riley
25,1995/1996,MIA,P. Riley
26,1994/1995,MIA,K. Loughery
27,1993/1994,MIA,K. Loughery
28,1992/1993,MIA,K. Loughery
29,1991/1992,MIA,K. Loughery
30,1990/1991,MIA,R. Rothstein
31,1989/1990,MIA,R. Rothstein
32,1988/1989,MIA,R. Rothstein
0,2020/2021,CHO,J. Borrego
1,2019/2020,CHO,J. Borrego
2,2018/2019,CHO,J. Borrego
3,2017/2018,CHO,S. Clifford
4,2016/2017,CHO,S. Clifford
5,2015/2016,CHO,S. Clifford
6,2014/2015,CHO,S. Clifford
7,2013/2014,CHA,S. Clifford
8,2012/2013,CHA,M. Dunlap
9,2011/2012,CHA,P. Silas
10,2010/2011,CHA,L. Brown
11,2009/2010,CHA,L. Brown
12,2008/2009,CHA,L. Brown
13,2007/2008,CHA,S. Vincent
14,2006/2007,CHA,B. Bickerstaff
15,2005/2006,CHA,B. Bickerstaff
16,2004/2005,CHA,B. Bickerstaff
17,2001/2002,CHH,P. Silas
18,2000/2001,CHH,P. Silas
19,1999/2000,CHH,P. Silas
20,1998/1999,CHH,D. Cowens
21,1997/1998,CHH,D. Cowens
22,1996/1997,CHH,D. Cowens
23,1995/1996,CHH,A. Bristow
24,1994/1995,CHH,A. Bristow
25,1993/1994,CHH,A. Bristow
26,1992/1993,CHH,A. Bristow
27,1991/1992,CHH,A. Bristow
28,1990/1991,CHH,G. Littles
29,1989/1990,CHH,D. Harter
30,1988/1989,CHH,D. Harter
0,2020/2021,ORL,S. Clifford
1,2019/2020,ORL,S. Clifford
2,2018/2019,ORL,S. Clifford
3,2017/2018,ORL,F. Vogel
4,2016/2017,ORL,F. Vogel
5,2015/2016,ORL,S. Skiles
6,2014/2015,ORL,J. Vaughn
7,2013/2014,ORL,J. Vaughn
8,2012/2013,ORL,J. Vaughn
9,2011/2012,ORL,S. Van Gundy
10,2010/2011,ORL,S. Van Gundy
11,2009/2010,ORL,S. Van Gundy
12,2008/2009,ORL,S. Van Gundy
13,2007/2008,ORL,S. Van Gundy
14,2006/2007,ORL,B. Hill
15,2005/2006,ORL,B. Hill
16,2004/2005,ORL,J. Davis
17,2003/2004,ORL,D. Rivers
18,2002/2003,ORL,D. Rivers
19,2001/2002,ORL,D. Rivers
20,2000/2001,ORL,D. Rivers
21,1999/2000,ORL,D. Rivers
22,1998/1999,ORL,C. Daly
23,1997/1998,ORL,C. Daly
24,1996/1997,ORL,B. Hill
25,1995/1996,ORL,B. Hill
26,1994/1995,ORL,B. Hill
27,1993/1994,ORL,B. Hill
28,1992/1993,ORL,M. Guokas
29,1991/1992,ORL,M. Guokas
30,1990/1991,ORL,M. Guokas
31,1989/1990,ORL,M. Guokas
0,2020/2021,WAS,S. Brooks
1,2019/2020,WAS,S. Brooks
2,2018/2019,WAS,S. Brooks
3,2017/2018,WAS,S. Brooks
4,2016/2017,WAS,S. Brooks
5,2015/2016,WAS,R. Wittman
6,2014/2015,WAS,R. Wittman
7,2013/2014,WAS,R. Wittman
8,2012/2013,WAS,R. Wittman
9,2011/2012,WAS,F. Saunders
10,2010/2011,WAS,F. Saunders
11,2009/2010,WAS,F. Saunders
12,2008/2009,WAS,E. Jordan
13,2007/2008,WAS,E. Jordan
14,2006/2007,WAS,E. Jordan
15,2005/2006,WAS,E. Jordan
16,2004/2005,WAS,E. Jordan
17,2003/2004,WAS,E. Jordan
18,2002/2003,WAS,D. Collins
19,2001/2002,WAS,D. Collins
20,2000/2001,WAS,L. Hamilton
21,1999/2000,WAS,G. Heard
22,1998/1999,WAS,B. Bickerstaff
23,1997/1998,WAS,B. Bickerstaff
24,1996/1997,WSB,J. Lynam
25,1995/1996,WSB,J. Lynam
26,1994/1995,WSB,J. Lynam
27,1993/1994,WSB,W. Unseld
28,1992/1993,WSB,W. Unseld
29,1991/1992,WSB,W. Unseld
30,1990/1991,WSB,W. Unseld
31,1989/1990,WSB,W. Unseld
32,1988/1989,WSB,W. Unseld
33,1987/1988,WSB,K. Loughery
34,1986/1987,WSB,K. Loughery
35,1985/1986,WSB,G. Shue
36,1984/1985,WSB,G. Shue
37,1983/1984,WSB,G. Shue
38,1982/1983,WSB,G. Shue
39,1981/1982,WSB,G. Shue
40,1980/1981,WSB,G. Shue
41,1979/1980,WSB,D. Motta
42,1978/1979,WSB,D. Motta
43,1977/1978,WSB,D. Motta
44,1976/1977,WSB,D. Motta
45,1975/1976,WSB,K. Jones
46,1974/1975,WSB,K. Jones
47,1973/1974,CAP,K. Jones
48,1972/1973,BAL,G. Shue
49,1971/1972,BAL,G. Shue
50,1970/1971,BAL,G. Shue
51,1969/1970,BAL,G. Shue
52,1968/1969,BAL,G. Shue
53,1967/1968,BAL,G. Shue
54,1966/1967,BAL,M. Farmer
55,1965/1966,BAL,P. Seymour
56,1964/1965,BAL,B. Jeannette
57,1963/1964,BAL,S. Leonard
58,1962/1963,CHZ,J. McMahon
59,1961/1962,CHP,J. Pollard
0,2020/2021,PHI,D. Rivers
1,2019/2020,PHI,B. Brown
2,2018/2019,PHI,B. Brown
3,2017/2018,PHI,B. Brown
4,2016/2017,PHI,B. Brown
5,2015/2016,PHI,B. Brown
6,2014/2015,PHI,B. Brown
7,2013/2014,PHI,B. Brown
8,2012/2013,PHI,D. Collins
9,2011/2012,PHI,D. Collins
10,2010/2011,PHI,D. Collins
11,2009/2010,PHI,E. Jordan
12,2008/2009,PHI,M. Cheeks
13,2007/2008,PHI,M. Cheeks
14,2006/2007,PHI,M. Cheeks
15,2005/2006,PHI,M. Cheeks
16,2004/2005,PHI,J. O'Brien
17,2003/2004,PHI,R. Ayers
18,2002/2003,PHI,L. Brown
19,2001/2002,PHI,L. Brown
20,2000/2001,PHI,L. Brown
21,1999/2000,PHI,L. Brown
22,1998/1999,PHI,L. Brown
23,1997/1998,PHI,L. Brown
24,1996/1997,PHI,J. Davis
25,1995/1996,PHI,J. Lucas
26,1994/1995,PHI,J. Lucas
27,1993/1994,PHI,F. Carter
28,1992/1993,PHI,D. Moe
29,1991/1992,PHI,J. Lynam
30,1990/1991,PHI,J. Lynam
31,1989/1990,PHI,J. Lynam
32,1988/1989,PHI,J. Lynam
33,1987/1988,PHI,M. Guokas
34,1986/1987,PHI,M. Guokas
35,1985/1986,PHI,M. Guokas
36,1984/1985,PHI,B. Cunningham
37,1983/1984,PHI,B. Cunningham
38,1982/1983,PHI,B. Cunningham
39,1981/1982,PHI,B. Cunningham
40,1980/1981,PHI,B. Cunningham
41,1979/1980,PHI,B. Cunningham
42,1978/1979,PHI,B. Cunningham
43,1977/1978,PHI,G. Shue
44,1976/1977,PHI,G. Shue
45,1975/1976,PHI,G. Shue
46,1974/1975,PHI,G. Shue
47,1973/1974,PHI,G. Shue
48,1972/1973,PHI,R. Rubin
49,1971/1972,PHI,J. Ramsay
50,1970/1971,PHI,J. Ramsay
51,1969/1970,PHI,J. Ramsay
52,1968/1969,PHI,J. Ramsay
53,1967/1968,PHI,A. Hannum
54,1966/1967,PHI,A. Hannum
55,1965/1966,PHI,D. Schayes
56,1964/1965,PHI,D. Schayes
57,1963/1964,PHI,D. Schayes
58,1962/1963,SYR,A. Hannum
59,1961/1962,SYR,A. Hannum
60,1960/1961,SYR,A. Hannum
61,1959/1960,SYR,P. Seymour
62,1958/1959,SYR,P. Seymour
63,1957/1958,SYR,P. Seymour
64,1956/1957,SYR,A. Cervi
65,1955/1956,SYR,A. Cervi
66,1954/1955,SYR,A. Cervi
67,1953/1954,SYR,A. Cervi
68,1952/1953,SYR,A. Cervi
69,1951/1952,SYR,A. Cervi
70,1950/1951,SYR,A. Cervi
71,1949/1950,SYR,A. Cervi
0,2020/2021,NYK,T. Thibodeau
1,2019/2020,NYK,D. Fizdale
2,2018/2019,NYK,D. Fizdale
3,2017/2018,NYK,J. Hornacek
4,2016/2017,NYK,J. Hornacek
5,2015/2016,NYK,D. Fisher
6,2014/2015,NYK,D. Fisher
7,2013/2014,NYK,M. Woodson
8,2012/2013,NYK,M. Woodson
9,2011/2012,NYK,M. D'Antoni
10,2010/2011,NYK,M. D'Antoni
11,2009/2010,NYK,M. D'Antoni
12,2008/2009,NYK,M. D'Antoni
13,2007/2008,NYK,I. Thomas
14,2006/2007,NYK,I. Thomas
15,2005/2006,NYK,L. Brown
16,2004/2005,NYK,L. Wilkens
17,2003/2004,NYK,D. Chaney
18,2002/2003,NYK,D. Chaney
19,2001/2002,NYK,J. Van Gundy
20,2000/2001,NYK,J. Van Gundy
21,1999/2000,NYK,J. Van Gundy
22,1998/1999,NYK,J. Van Gundy
23,1997/1998,NYK,J. Van Gundy
24,1996/1997,NYK,J. Van Gundy
25,1995/1996,NYK,D. Nelson
26,1994/1995,NYK,P. Riley
27,1993/1994,NYK,P. Riley
28,1992/1993,NYK,P. Riley
29,1991/1992,NYK,P. Riley
30,1990/1991,NYK,S. Jackson
31,1989/1990,NYK,S. Jackson
32,1988/1989,NYK,R. Pitino
33,1987/1988,NYK,R. Pitino
34,1986/1987,NYK,H. Brown
35,1985/1986,NYK,H. Brown
36,1984/1985,NYK,H. Brown
37,1983/1984,NYK,H. Brown
38,1982/1983,NYK,H. Brown
39,1981/1982,NYK,R. Holzman
40,1980/1981,NYK,R. Holzman
41,1979/1980,NYK,R. Holzman
42,1978/1979,NYK,W. Reed
43,1977/1978,NYK,W. Reed
44,1976/1977,NYK,R. Holzman
45,1975/1976,NYK,R. Holzman
46,1974/1975,NYK,R. Holzman
47,1973/1974,NYK,R. Holzman
48,1972/1973,NYK,R. Holzman
49,1971/1972,NYK,R. Holzman
50,1970/1971,NYK,R. Holzman
51,1969/1970,NYK,R. Holzman
52,1968/1969,NYK,R. Holzman
53,1967/1968,NYK,D. McGuire
54,1966/1967,NYK,D. McGuire
55,1965/1966,NYK,H. Gallatin
56,1964/1965,NYK,E. Donovan
57,1963/1964,NYK,E. Donovan
58,1962/1963,NYK,E. Donovan
59,1961/1962,NYK,E. Donovan
60,1960/1961,NYK,C. Braun
61,1959/1960,NYK,A. Levane
62,1958/1959,NYK,A. Levane
63,1957/1958,NYK,V. Boryla
64,1956/1957,NYK,V. Boryla
65,1955/1956,NYK,J. Lapchick
66,1954/1955,NYK,J. Lapchick
67,1953/1954,NYK,J. Lapchick
68,1952/1953,NYK,J. Lapchick
69,1951/1952,NYK,J. Lapchick
70,1950/1951,NYK,J. Lapchick
71,1949/1950,NYK,J. Lapchick
72,1948/1949,NYK,J. Lapchick
73,1947/1948,NYK,J. Lapchick
74,1946/1947,NYK,N. Cohalan
0,2020/2021,BOS,B. Stevens
1,2019/2020,BOS,B. Stevens
2,2018/2019,BOS,B. Stevens
3,2017/2018,BOS,B. Stevens
4,2016/2017,BOS,B. Stevens
5,2015/2016,BOS,B. Stevens
6,2014/2015,BOS,B. Stevens
7,2013/2014,BOS,B. Stevens
8,2012/2013,BOS,D. Rivers
9,2011/2012,BOS,D. Rivers
10,2010/2011,BOS,D. Rivers
11,2009/2010,BOS,D. Rivers
12,2008/2009,BOS,D. Rivers
13,2007/2008,BOS,D. Rivers
14,2006/2007,BOS,D. Rivers
15,2005/2006,BOS,D. Rivers
16,2004/2005,BOS,D. Rivers
17,2003/2004,BOS,J. O'Brien
18,2002/2003,BOS,J. O'Brien
19,2001/2002,BOS,J. O'Brien
20,2000/2001,BOS,R. Pitino
21,1999/2000,BOS,R. Pitino
22,1998/1999,BOS,R. Pitino
23,1997/1998,BOS,R. Pitino
24,1996/1997,BOS,M. Carr
25,1995/1996,BOS,M. Carr
26,1994/1995,BOS,C. Ford
27,1993/1994,BOS,C. Ford
28,1992/1993,BOS,C. Ford
29,1991/1992,BOS,C. Ford
30,1990/1991,BOS,C. Ford
31,1989/1990,BOS,J. Rodgers
32,1988/1989,BOS,J. Rodgers
33,1987/1988,BOS,K. Jones
34,1986/1987,BOS,K. Jones
35,1985/1986,BOS,K. Jones
36,1984/1985,BOS,K. Jones
37,1983/1984,BOS,K. Jones
38,1982/1983,BOS,B. Fitch
39,1981/1982,BOS,B. Fitch
40,1980/1981,BOS,B. Fitch
41,1979/1980,BOS,B. Fitch
42,1978/1979,BOS,T. Sanders
43,1977/1978,BOS,T. Heinsohn
44,1976/1977,BOS,T. Heinsohn
45,1975/1976,BOS,T. Heinsohn
46,1974/1975,BOS,T. Heinsohn
47,1973/1974,BOS,T. Heinsohn
48,1972/1973,BOS,T. Heinsohn
49,1971/1972,BOS,T. Heinsohn
50,1970/1971,BOS,T. Heinsohn
51,1969/1970,BOS,T. Heinsohn
52,1968/1969,BOS,B. Russell
53,1967/1968,BOS,B. Russell
54,1966/1967,BOS,B. Russell
55,1965/1966,BOS,R. Auerbach
56,1964/1965,BOS,R. Auerbach
57,1963/1964,BOS,R. Auerbach
58,1962/1963,BOS,R. Auerbach
59,1961/1962,BOS,R. Auerbach
60,1960/1961,BOS,R. Auerbach
61,1959/1960,BOS,R. Auerbach
62,1958/1959,BOS,R. Auerbach
63,1957/1958,BOS,R. Auerbach
64,1956/1957,BOS,R. Auerbach
65,1955/1956,BOS,R. Auerbach
66,1954/1955,BOS,R. Auerbach
67,1953/1954,BOS,R. Auerbach
68,1952/1953,BOS,R. Auerbach
69,1951/1952,BOS,R. Auerbach
70,1950/1951,BOS,R. Auerbach
71,1949/1950,BOS,A. Julian
72,1948/1949,BOS,A. Julian
73,1947/1948,BOS,J. Russell
74,1946/1947,BOS,J. Russell
0,2020/2021,BRK,S. Nash
1,2019/2020,BRK,K. Atkinson
2,2018/2019,BRK,K. Atkinson
3,2017/2018,BRK,K. Atkinson
4,2016/2017,BRK,K. Atkinson
5,2015/2016,BRK,L. Hollins
6,2014/2015,BRK,L. Hollins
7,2013/2014,BRK,J. Kidd
8,2012/2013,BRK,A. Johnson
9,2011/2012,NJN,A. Johnson
10,2010/2011,NJN,A. Johnson
11,2009/2010,NJN,L. Frank
12,2008/2009,NJN,L. Frank
13,2007/2008,NJN,L. Frank
14,2006/2007,NJN,L. Frank
15,2005/2006,NJN,L. Frank
16,2004/2005,NJN,L. Frank
17,2003/2004,NJN,B. Scott
18,2002/2003,NJN,B. Scott
19,2001/2002,NJN,B. Scott
20,2000/2001,NJN,B. Scott
21,1999/2000,NJN,D. Casey
22,1998/1999,NJN,J. Calipari
23,1997/1998,NJN,J. Calipari
24,1996/1997,NJN,J. Calipari
25,1995/1996,NJN,B. Beard
26,1994/1995,NJN,B. Beard
27,1993/1994,NJN,C. Daly
28,1992/1993,NJN,C. Daly
29,1991/1992,NJN,B. Fitch
30,1990/1991,NJN,B. Fitch
31,1989/1990,NJN,B. Fitch
32,1988/1989,NJN,W. Reed
33,1987/1988,NJN,D. Wohl
34,1986/1987,NJN,D. Wohl
35,1985/1986,NJN,D. Wohl
36,1984/1985,NJN,S. Albeck
37,1983/1984,NJN,S. Albeck
38,1982/1983,NJN,L. Brown
39,1981/1982,NJN,L. Brown
40,1980/1981,NJN,K. Loughery
41,1979/1980,NJN,K. Loughery
42,1978/1979,NJN,K. Loughery
43,1977/1978,NJN,K. Loughery
44,1976/1977,NYN,K. Loughery
45,1975/1976,NYN,K. Loughery
46,1974/1975,NYN,K. Loughery
47,1973/1974,NYN,K. Loughery
48,1972/1973,NYN,L. Carnesecca
49,1971/1972,NYN,L. Carnesecca
50,1970/1971,NYN,L. Carnesecca
51,1969/1970,NYN,Y. Larese
52,1968/1969,NYN,M. Zaslofsky
53,1967/1968,,M. Zaslofsky
0,2020/2021,TOR,N. Nurse
1,2019/2020,TOR,N. Nurse
2,2018/2019,TOR,N. Nurse
3,2017/2018,TOR,D. Casey
4,2016/2017,TOR,D. Casey
5,2015/2016,TOR,D. Casey
6,2014/2015,TOR,D. Casey
7,2013/2014,TOR,D. Casey
8,2012/2013,TOR,D. Casey
9,2011/2012,TOR,D. Casey
10,2010/2011,TOR,J. Triano
11,2009/2010,TOR,J. Triano
12,2008/2009,TOR,S. Mitchell
13,2007/2008,TOR,S. Mitchell
14,2006/2007,TOR,S. Mitchell
15,2005/2006,TOR,S. Mitchell
16,2004/2005,TOR,S. Mitchell
17,2003/2004,TOR,K. O'Neill
18,2002/2003,TOR,L. Wilkens
19,2001/2002,TOR,L. Wilkens
20,2000/2001,TOR,L. Wilkens
21,1999/2000,TOR,B. Carter
22,1998/1999,TOR,B. Carter
23,1997/1998,TOR,D. Walker
24,1996/1997,TOR,D. Walker
25,1995/1996,TOR,B. Malone
0,2020/2021,UTA,Q. Snyder
1,2019/2020,UTA,Q. Snyder
2,2018/2019,UTA,Q. Snyder
3,2017/2018,UTA,Q. Snyder
4,2016/2017,UTA,Q. Snyder
5,2015/2016,UTA,Q. Snyder
6,2014/2015,UTA,Q. Snyder
7,2013/2014,UTA,T. Corbin
8,2012/2013,UTA,T. Corbin
9,2011/2012,UTA,T. Corbin
10,2010/2011,UTA,J. Sloan
11,2009/2010,UTA,J. Sloan
12,2008/2009,UTA,J. Sloan
13,2007/2008,UTA,J. Sloan
14,2006/2007,UTA,J. Sloan
15,2005/2006,UTA,J. Sloan
16,2004/2005,UTA,J. Sloan
17,2003/2004,UTA,J. Sloan
18,2002/2003,UTA,J. Sloan
19,2001/2002,UTA,J. Sloan
20,2000/2001,UTA,J. Sloan
21,1999/2000,UTA,J. Sloan
22,1998/1999,UTA,J. Sloan
23,1997/1998,UTA,J. Sloan
24,1996/1997,UTA,J. Sloan
25,1995/1996,UTA,J. Sloan
26,1994/1995,UTA,J. Sloan
27,1993/1994,UTA,J. Sloan
28,1992/1993,UTA,J. Sloan
29,1991/1992,UTA,J. Sloan
30,1990/1991,UTA,J. Sloan
31,1989/1990,UTA,J. Sloan
32,1988/1989,UTA,F. Layden
33,1987/1988,UTA,F. Layden
34,1986/1987,UTA,F. Layden
35,1985/1986,UTA,F. Layden
36,1984/1985,UTA,F. Layden
37,1983/1984,UTA,F. Layden
38,1982/1983,UTA,F. Layden
39,1981/1982,UTA,T. Nissalke
40,1980/1981,UTA,T. Nissalke
41,1979/1980,UTA,T. Nissalke
42,1978/1979,NOJ,E. Baylor
43,1977/1978,NOJ,E. Baylor
44,1976/1977,NOJ,B. van Breda Kolff
45,1975/1976,NOJ,B. van Breda Kolff
46,1974/1975,NOJ,S. Robertson
0,2020/2021,DEN,M. Malone
1,2019/2020,DEN,M. Malone
2,2018/2019,DEN,M. Malone
3,2017/2018,DEN,M. Malone
4,2016/2017,DEN,M. Malone
5,2015/2016,DEN,M. Malone
6,2014/2015,DEN,B. Shaw
7,2013/2014,DEN,B. Shaw
8,2012/2013,DEN,G. Karl
9,2011/2012,DEN,G. Karl
10,2010/2011,DEN,G. Karl
11,2009/2010,DEN,G. Karl
12,2008/2009,DEN,G. Karl
13,2007/2008,DEN,G. Karl
14,2006/2007,DEN,G. Karl
15,2005/2006,DEN,G. Karl
16,2004/2005,DEN,J. Bzdelik
17,2003/2004,DEN,J. Bzdelik
18,2002/2003,DEN,J. Bzdelik
19,2001/2002,DEN,D. Issel
20,2000/2001,DEN,D. Issel
21,1999/2000,DEN,D. Issel
22,1998/1999,DEN,M. D'Antoni
23,1997/1998,DEN,B. Hanzlik
24,1996/1997,DEN,B. Bickerstaff
25,1995/1996,DEN,B. Bickerstaff
26,1994/1995,DEN,D. Issel
27,1993/1994,DEN,D. Issel
28,1992/1993,DEN,D. Issel
29,1991/1992,DEN,P. Westhead
30,1990/1991,DEN,P. Westhead
31,1989/1990,DEN,D. Moe
32,1988/1989,DEN,D. Moe
33,1987/1988,DEN,D. Moe
34,1986/1987,DEN,D. Moe
35,1985/1986,DEN,D. Moe
36,1984/1985,DEN,D. Moe
37,1983/1984,DEN,D. Moe
38,1982/1983,DEN,D. Moe
39,1981/1982,DEN,D. Moe
40,1980/1981,DEN,D. Walsh
41,1979/1980,DEN,D. Walsh
42,1978/1979,DEN,L. Brown
43,1977/1978,DEN,L. Brown
44,1976/1977,DEN,L. Brown
45,1975/1976,DEN,L. Brown
46,1974/1975,DEN,L. Brown
47,1973/1974,,A. Hannum
48,1972/1973,,A. Hannum
49,1971/1972,,A. Hannum
50,1970/1971,,J. Belmont
51,1969/1970,,J. McLendon
52,1968/1969,,B. Bass
53,1967/1968,,B. Bass
0,2020/2021,OKC,M. Daigneault
1,2019/2020,OKC,B. Donovan
2,2018/2019,OKC,B. Donovan
3,2017/2018,OKC,B. Donovan
4,2016/2017,OKC,B. Donovan
5,2015/2016,OKC,B. Donovan
6,2014/2015,OKC,S. Brooks
7,2013/2014,OKC,S. Brooks
8,2012/2013,OKC,S. Brooks
9,2011/2012,OKC,S. Brooks
10,2010/2011,OKC,S. Brooks
11,2009/2010,OKC,S. Brooks
12,2008/2009,OKC,P. Carlesimo
13,2007/2008,SEA,P. Carlesimo
14,2006/2007,SEA,B. Hill
15,2005/2006,SEA,B. Weiss
16,2004/2005,SEA,N. McMillan
17,2003/2004,SEA,N. McMillan
18,2002/2003,SEA,N. McMillan
19,2001/2002,SEA,N. McMillan
20,2000/2001,SEA,P. Westphal
21,1999/2000,SEA,P. Westphal
22,1998/1999,SEA,P. Westphal
23,1997/1998,SEA,G. Karl
24,1996/1997,SEA,G. Karl
25,1995/1996,SEA,G. Karl
26,1994/1995,SEA,G. Karl
27,1993/1994,SEA,G. Karl
28,1992/1993,SEA,G. Karl
29,1991/1992,SEA,K. Jones
30,1990/1991,SEA,K. Jones
31,1989/1990,SEA,B. Bickerstaff
32,1988/1989,SEA,B. Bickerstaff
33,1987/1988,SEA,B. Bickerstaff
34,1986/1987,SEA,B. Bickerstaff
35,1985/1986,SEA,B. Bickerstaff
36,1984/1985,SEA,L. Wilkens
37,1983/1984,SEA,L. Wilkens
38,1982/1983,SEA,L. Wilkens
39,1981/1982,SEA,L. Wilkens
40,1980/1981,SEA,L. Wilkens
41,1979/1980,SEA,L. Wilkens
42,1978/1979,SEA,L. Wilkens
43,1977/1978,SEA,B. Hopkins
44,1976/1977,SEA,B. Russell
45,1975/1976,SEA,B. Russell
46,1974/1975,SEA,B. Russell
47,1973/1974,SEA,B. Russell
48,1972/1973,SEA,T. Nissalke
49,1971/1972,SEA,L. Wilkens
50,1970/1971,SEA,L. Wilkens
51,1969/1970,SEA,L. Wilkens
52,1968/1969,SEA,A. Bianchi
53,1967/1968,SEA,A. Bianchi
0,2020/2021,MIN,R. Saunders
1,2019/2020,MIN,R. Saunders
2,2018/2019,MIN,T. Thibodeau
3,2017/2018,MIN,T. Thibodeau
4,2016/2017,MIN,T. Thibodeau
5,2015/2016,MIN,S. Mitchell
6,2014/2015,MIN,F. Saunders
7,2013/2014,MIN,R. Adelman
8,2012/2013,MIN,R. Adelman
9,2011/2012,MIN,R. Adelman
10,2010/2011,MIN,K. Rambis
11,2009/2010,MIN,K. Rambis
12,2008/2009,MIN,R. Wittman
13,2007/2008,MIN,R. Wittman
14,2006/2007,MIN,D. Casey
15,2005/2006,MIN,D. Casey
16,2004/2005,MIN,F. Saunders
17,2003/2004,MIN,F. Saunders
18,2002/2003,MIN,F. Saunders
19,2001/2002,MIN,F. Saunders
20,2000/2001,MIN,F. Saunders
21,1999/2000,MIN,F. Saunders
22,1998/1999,MIN,F. Saunders
23,1997/1998,MIN,F. Saunders
24,1996/1997,MIN,F. Saunders
25,1995/1996,MIN,B. Blair
26,1994/1995,MIN,B. Blair
27,1993/1994,MIN,S. Lowe
28,1992/1993,MIN,J. Rodgers
29,1991/1992,MIN,J. Rodgers
30,1990/1991,MIN,B. Musselman
31,1989/1990,MIN,B. Musselman
0,2020/2021,POR,T. Stotts
1,2019/2020,POR,T. Stotts
2,2018/2019,POR,T. Stotts
3,2017/2018,POR,T. Stotts
4,2016/2017,POR,T. Stotts
5,2015/2016,POR,T. Stotts
6,2014/2015,POR,T. Stotts
7,2013/2014,POR,T. Stotts
8,2012/2013,POR,T. Stotts
9,2011/2012,POR,N. McMillan
10,2010/2011,POR,N. McMillan
11,2009/2010,POR,N. McMillan
12,2008/2009,POR,N. McMillan
13,2007/2008,POR,N. McMillan
14,2006/2007,POR,N. McMillan
15,2005/2006,POR,N. McMillan
16,2004/2005,POR,M. Cheeks
17,2003/2004,POR,M. Cheeks
18,2002/2003,POR,M. Cheeks
19,2001/2002,POR,M. Cheeks
20,2000/2001,POR,M. Dunleavy
21,1999/2000,POR,M. Dunleavy
22,1998/1999,POR,M. Dunleavy
23,1997/1998,POR,M. Dunleavy
24,1996/1997,POR,P. Carlesimo
25,1995/1996,POR,P. Carlesimo
26,1994/1995,POR,P. Carlesimo
27,1993/1994,POR,R. Adelman
28,1992/1993,POR,R. Adelman
29,1991/1992,POR,R. Adelman
30,1990/1991,POR,R. Adelman
31,1989/1990,POR,R. Adelman
32,1988/1989,POR,M. Schuler
33,1987/1988,POR,M. Schuler
34,1986/1987,POR,M. Schuler
35,1985/1986,POR,J. Ramsay
36,1984/1985,POR,J. Ramsay
37,1983/1984,POR,J. Ramsay
38,1982/1983,POR,J. Ramsay
39,1981/1982,POR,J. Ramsay
40,1980/1981,POR,J. Ramsay
41,1979/1980,POR,J. Ramsay
42,1978/1979,POR,J. Ramsay
43,1977/1978,POR,J. Ramsay
44,1976/1977,POR,J. Ramsay
45,1975/1976,POR,L. Wilkens
46,1974/1975,POR,L. Wilkens
47,1973/1974,POR,J. McCloskey
48,1972/1973,POR,J. McCloskey
49,1971/1972,POR,R. Todd
50,1970/1971,POR,R. Todd
0,2020/2021,LAL,F. Vogel
1,2019/2020,LAL,F. Vogel
2,2018/2019,LAL,L. Walton
3,2017/2018,LAL,L. Walton
4,2016/2017,LAL,L. Walton
5,2015/2016,LAL,B. Scott
6,2014/2015,LAL,B. Scott
7,2013/2014,LAL,M. D'Antoni
8,2012/2013,LAL,M. Brown
9,2011/2012,LAL,M. Brown
10,2010/2011,LAL,P. Jackson
11,2009/2010,LAL,P. Jackson
12,2008/2009,LAL,P. Jackson
13,2007/2008,LAL,P. Jackson
14,2006/2007,LAL,P. Jackson
15,2005/2006,LAL,P. Jackson
16,2004/2005,LAL,R. Tomjanovich
17,2003/2004,LAL,P. Jackson
18,2002/2003,LAL,P. Jackson
19,2001/2002,LAL,P. Jackson
20,2000/2001,LAL,P. Jackson
21,1999/2000,LAL,P. Jackson
22,1998/1999,LAL,D. Harris
23,1997/1998,LAL,D. Harris
24,1996/1997,LAL,D. Harris
25,1995/1996,LAL,D. Harris
26,1994/1995,LAL,D. Harris
27,1993/1994,LAL,R. Pfund
28,1992/1993,LAL,R. Pfund
29,1991/1992,LAL,M. Dunleavy
30,1990/1991,LAL,M. Dunleavy
31,1989/1990,LAL,P. Riley
32,1988/1989,LAL,P. Riley
33,1987/1988,LAL,P. Riley
34,1986/1987,LAL,P. Riley
35,1985/1986,LAL,P. Riley
36,1984/1985,LAL,P. Riley
37,1983/1984,LAL,P. Riley
38,1982/1983,LAL,P. Riley
39,1981/1982,LAL,P. Westhead
40,1980/1981,LAL,P. Westhead
41,1979/1980,LAL,J. McKinney
42,1978/1979,LAL,J. West
43,1977/1978,LAL,J. West
44,1976/1977,LAL,J. West
45,1975/1976,LAL,B. Sharman
46,1974/1975,LAL,B. Sharman
47,1973/1974,LAL,B. Sharman
48,1972/1973,LAL,B. Sharman
49,1971/1972,LAL,B. Sharman
50,1970/1971,LAL,J. Mullaney
51,1969/1970,LAL,J. Mullaney
52,1968/1969,LAL,B. van Breda Kolff
53,1967/1968,LAL,B. van Breda Kolff
54,1966/1967,LAL,F. Schaus
55,1965/1966,LAL,F. Schaus
56,1964/1965,LAL,F. Schaus
57,1963/1964,LAL,F. Schaus
58,1962/1963,LAL,F. Schaus
59,1961/1962,LAL,F. Schaus
60,1960/1961,LAL,F. Schaus
61,1959/1960,MNL,J. Castellani
62,1958/1959,MNL,J. Kundla
63,1957/1958,MNL,G. Mikan
64,1956/1957,MNL,J. Kundla
65,1955/1956,MNL,J. Kundla
66,1954/1955,MNL,J. Kundla
67,1953/1954,MNL,J. Kundla
68,1952/1953,MNL,J. Kundla
69,1951/1952,MNL,J. Kundla
70,1950/1951,MNL,J. Kundla
71,1949/1950,MNL,J. Kundla
72,1948/1949,MNL,J. Kundla
0,2020/2021,LAC,T. Lue
1,2019/2020,LAC,D. Rivers
2,2018/2019,LAC,D. Rivers
3,2017/2018,LAC,D. Rivers
4,2016/2017,LAC,D. Rivers
5,2015/2016,LAC,D. Rivers
6,2014/2015,LAC,D. Rivers
7,2013/2014,LAC,D. Rivers
8,2012/2013,LAC,V. Del Negro
9,2011/2012,LAC,V. Del Negro
10,2010/2011,LAC,V. Del Negro
11,2009/2010,LAC,M. Dunleavy
12,2008/2009,LAC,M. Dunleavy
13,2007/2008,LAC,M. Dunleavy
14,2006/2007,LAC,M. Dunleavy
15,2005/2006,LAC,M. Dunleavy
16,2004/2005,LAC,M. Dunleavy
17,2003/2004,LAC,M. Dunleavy
18,2002/2003,LAC,A. Gentry
19,2001/2002,LAC,A. Gentry
20,2000/2001,LAC,A. Gentry
21,1999/2000,LAC,C. Ford
22,1998/1999,LAC,C. Ford
23,1997/1998,LAC,B. Fitch
24,1996/1997,LAC,B. Fitch
25,1995/1996,LAC,B. Fitch
26,1994/1995,LAC,B. Fitch
27,1993/1994,LAC,B. Weiss
28,1992/1993,LAC,L. Brown
29,1991/1992,LAC,M. Schuler
30,1990/1991,LAC,M. Schuler
31,1989/1990,LAC,D. Casey
32,1988/1989,LAC,G. Shue
33,1987/1988,LAC,G. Shue
34,1986/1987,LAC,D. Chaney
35,1985/1986,LAC,D. Chaney
36,1984/1985,LAC,J. Lynam
37,1983/1984,SDC,J. Lynam
38,1982/1983,SDC,P. Silas
39,1981/1982,SDC,P. Silas
40,1980/1981,SDC,P. Silas
41,1979/1980,SDC,G. Shue
42,1978/1979,SDC,G. Shue
43,1977/1978,BUF,C. Fitzsimmons
44,1976/1977,BUF,T. Locke
45,1975/1976,BUF,J. Ramsay
46,1974/1975,BUF,J. Ramsay
47,1973/1974,BUF,J. Ramsay
48,1972/1973,BUF,J. Ramsay
49,1971/1972,BUF,D. Schayes
50,1970/1971,BUF,D. Schayes
0,2020/2021,PHO,M. Williams
1,2019/2020,PHO,M. Williams
2,2018/2019,PHO,I. Kokoskov
3,2017/2018,PHO,E. Watson
4,2016/2017,PHO,E. Watson
5,2015/2016,PHO,J. Hornacek
6,2014/2015,PHO,J. Hornacek
7,2013/2014,PHO,J. Hornacek
8,2012/2013,PHO,A. Gentry
9,2011/2012,PHO,A. Gentry
10,2010/2011,PHO,A. Gentry
11,2009/2010,PHO,A. Gentry
12,2008/2009,PHO,T. Porter
13,2007/2008,PHO,M. D'Antoni
14,2006/2007,PHO,M. D'Antoni
15,2005/2006,PHO,M. D'Antoni
16,2004/2005,PHO,M. D'Antoni
17,2003/2004,PHO,F. Johnson
18,2002/2003,PHO,F. Johnson
19,2001/2002,PHO,S. Skiles
20,2000/2001,PHO,S. Skiles
21,1999/2000,PHO,D. Ainge
22,1998/1999,PHO,D. Ainge
23,1997/1998,PHO,D. Ainge
24,1996/1997,PHO,C. Fitzsimmons
25,1995/1996,PHO,P. Westphal
26,1994/1995,PHO,P. Westphal
27,1993/1994,PHO,P. Westphal
28,1992/1993,PHO,P. Westphal
29,1991/1992,PHO,C. Fitzsimmons
30,1990/1991,PHO,C. Fitzsimmons
31,1989/1990,PHO,C. Fitzsimmons
32,1988/1989,PHO,C. Fitzsimmons
33,1987/1988,PHO,J. Wetzel
34,1986/1987,PHO,J. MacLeod
35,1985/1986,PHO,J. MacLeod
36,1984/1985,PHO,J. MacLeod
37,1983/1984,PHO,J. MacLeod
38,1982/1983,PHO,J. MacLeod
39,1981/1982,PHO,J. MacLeod
40,1980/1981,PHO,J. MacLeod
41,1979/1980,PHO,J. MacLeod
42,1978/1979,PHO,J. MacLeod
43,1977/1978,PHO,J. MacLeod
44,1976/1977,PHO,J. MacLeod
45,1975/1976,PHO,J. MacLeod
46,1974/1975,PHO,J. MacLeod
47,1973/1974,PHO,J. MacLeod
48,1972/1973,PHO,B. van Breda Kolff
49,1971/1972,PHO,C. Fitzsimmons
50,1970/1971,PHO,C. Fitzsimmons
51,1969/1970,PHO,R. Kerr
52,1968/1969,PHO,R. Kerr
0,2020/2021,GSW,S. Kerr
1,2019/2020,GSW,S. Kerr
2,2018/2019,GSW,S. Kerr
3,2017/2018,GSW,S. Kerr
4,2016/2017,GSW,S. Kerr
5,2015/2016,GSW,S. Kerr
6,2014/2015,GSW,S. Kerr
7,2013/2014,GSW,M. Jackson
8,2012/2013,GSW,M. Jackson
9,2011/2012,GSW,M. Jackson
10,2010/2011,GSW,K. Smart
11,2009/2010,GSW,D. Nelson
12,2008/2009,GSW,D. Nelson
13,2007/2008,GSW,D. Nelson
14,2006/2007,GSW,D. Nelson
15,2005/2006,GSW,M. Montgomery
16,2004/2005,GSW,M. Montgomery
17,2003/2004,GSW,E. Musselman
18,2002/2003,GSW,E. Musselman
19,2001/2002,GSW,D. Cowens
20,2000/2001,GSW,D. Cowens
21,1999/2000,GSW,P. Carlesimo
22,1998/1999,GSW,P. Carlesimo
23,1997/1998,GSW,P. Carlesimo
24,1996/1997,GSW,R. Adelman
25,1995/1996,GSW,R. Adelman
26,1994/1995,GSW,D. Nelson
27,1993/1994,GSW,D. Nelson
28,1992/1993,GSW,D. Nelson
29,1991/1992,GSW,D. Nelson
30,1990/1991,GSW,D. Nelson
31,1989/1990,GSW,D. Nelson
32,1988/1989,GSW,D. Nelson
33,1987/1988,GSW,G. Karl
34,1986/1987,GSW,G. Karl
35,1985/1986,GSW,J. Bach
36,1984/1985,GSW,J. Bach
37,1983/1984,GSW,J. Bach
38,1982/1983,GSW,A. Attles
39,1981/1982,GSW,A. Attles
40,1980/1981,GSW,A. Attles
41,1979/1980,GSW,A. Attles
42,1978/1979,GSW,A. Attles
43,1977/1978,GSW,A. Attles
44,1976/1977,GSW,A. Attles
45,1975/1976,GSW,A. Attles
46,1974/1975,GSW,A. Attles
47,1973/1974,GSW,A. Attles
48,1972/1973,GSW,A. Attles
49,1971/1972,GSW,A. Attles
50,1970/1971,SFW,A. Attles
51,1969/1970,SFW,G. Lee
52,1968/1969,SFW,G. Lee
53,1967/1968,SFW,B. Sharman
54,1966/1967,SFW,B. Sharman
55,1965/1966,SFW,A. Hannum
56,1964/1965,SFW,A. Hannum
57,1963/1964,SFW,A. Hannum
58,1962/1963,SFW,B. Feerick
59,1961/1962,PHW,F. McGuire
60,1960/1961,PHW,N. Johnston
61,1959/1960,PHW,N. Johnston
62,1958/1959,PHW,A. Cervi
63,1957/1958,PHW,G. Senesky
64,1956/1957,PHW,G. Senesky
65,1955/1956,PHW,G. Senesky
66,1954/1955,PHW,E. Gottlieb
67,1953/1954,PHW,E. Gottlieb
68,1952/1953,PHW,E. Gottlieb
69,1951/1952,PHW,E. Gottlieb
70,1950/1951,PHW,E. Gottlieb
71,1949/1950,PHW,E. Gottlieb
72,1948/1949,PHW,E. Gottlieb
73,1947/1948,PHW,E. Gottlieb
74,1946/1947,PHW,E. Gottlieb
0,2020/2021,SAC,L. Walton
1,2019/2020,SAC,L. Walton
2,2018/2019,SAC,D. Joerger
3,2017/2018,SAC,D. Joerger
4,2016/2017,SAC,D. Joerger
5,2015/2016,SAC,G. Karl
6,2014/2015,SAC,M. Malone
7,2013/2014,SAC,M. Malone
8,2012/2013,SAC,K. Smart
9,2011/2012,SAC,P. Westphal
10,2010/2011,SAC,P. Westphal
11,2009/2010,SAC,P. Westphal
12,2008/2009,SAC,R. Theus
13,2007/2008,SAC,R. Theus
14,2006/2007,SAC,E. Musselman
15,2005/2006,SAC,R. Adelman
16,2004/2005,SAC,R. Adelman
17,2003/2004,SAC,R. Adelman
18,2002/2003,SAC,R. Adelman
19,2001/2002,SAC,R. Adelman
20,2000/2001,SAC,R. Adelman
21,1999/2000,SAC,R. Adelman
22,1998/1999,SAC,R. Adelman
23,1997/1998,SAC,E. Jordan
24,1996/1997,SAC,G. St. Jean
25,1995/1996,SAC,G. St. Jean
26,1994/1995,SAC,G. St. Jean
27,1993/1994,SAC,G. St. Jean
28,1992/1993,SAC,G. St. Jean
29,1991/1992,SAC,D. Motta
30,1990/1991,SAC,D. Motta
31,1989/1990,SAC,J. Reynolds
32,1988/1989,SAC,J. Reynolds
33,1987/1988,SAC,B. Russell
34,1986/1987,SAC,P. Johnson
35,1985/1986,SAC,P. Johnson
36,1984/1985,KCK,J. McKinney
37,1983/1984,KCK,C. Fitzsimmons
38,1982/1983,KCK,C. Fitzsimmons
39,1981/1982,KCK,C. Fitzsimmons
40,1980/1981,KCK,C. Fitzsimmons
41,1979/1980,KCK,C. Fitzsimmons
42,1978/1979,KCK,C. Fitzsimmons
43,1977/1978,KCK,P. Johnson
44,1976/1977,KCK,P. Johnson
45,1975/1976,KCK,P. Johnson
46,1974/1975,KCO,P. Johnson
47,1973/1974,KCO,B. Cousy
48,1972/1973,KCO,B. Cousy
49,1971/1972,CIN,B. Cousy
50,1970/1971,CIN,B. Cousy
51,1969/1970,CIN,B. Cousy
52,1968/1969,CIN,E. Jucker
53,1967/1968,CIN,E. Jucker
54,1966/1967,CIN,J. McMahon
55,1965/1966,CIN,J. McMahon
56,1964/1965,CIN,J. McMahon
57,1963/1964,CIN,J. McMahon
58,1962/1963,CIN,C. Wolf
59,1961/1962,CIN,C. Wolf
60,1960/1961,CIN,C. Wolf
61,1959/1960,CIN,T. Marshall
62,1958/1959,CIN,B. Wanzer
63,1957/1958,CIN,B. Wanzer
64,1956/1957,ROC,B. Wanzer
65,1955/1956,ROC,B. Wanzer
66,1954/1955,ROC,L. Harrison
67,1953/1954,ROC,L. Harrison
68,1952/1953,ROC,L. Harrison
69,1951/1952,ROC,L. Harrison
70,1950/1951,ROC,L. Harrison
71,1949/1950,ROC,L. Harrison
72,1948/1949,ROC,L. Harrison
0,2020/2021,NOP,S. Van Gundy
1,2019/2020,NOP,A. Gentry
2,2018/2019,NOP,A. Gentry
3,2017/2018,NOP,A. Gentry
4,2016/2017,NOP,A. Gentry
5,2015/2016,NOP,A. Gentry
6,2014/2015,NOP,M. Williams
7,2013/2014,NOP,M. Williams
8,2012/2013,NOH,M. Williams
9,2011/2012,NOH,M. Williams
10,2010/2011,NOH,M. Williams
11,2009/2010,NOH,B. Scott
12,2008/2009,NOH,B. Scott
13,2007/2008,NOH,B. Scott
14,2006/2007,NOK,B. Scott
15,2005/2006,NOK,B. Scott
16,2004/2005,NOH,B. Scott
17,2003/2004,NOH,T. Floyd
18,2002/2003,NOH,P. Silas
0,2020/2021,HOU,S. Silas
1,2019/2020,HOU,M. D'Antoni
2,2018/2019,HOU,M. D'Antoni
3,2017/2018,HOU,M. D'Antoni
4,2016/2017,HOU,M. D'Antoni
5,2015/2016,HOU,K. McHale
6,2014/2015,HOU,K. McHale
7,2013/2014,HOU,K. McHale
8,2012/2013,HOU,K. McHale
9,2011/2012,HOU,K. McHale
10,2010/2011,HOU,R. Adelman
11,2009/2010,HOU,R. Adelman
12,2008/2009,HOU,R. Adelman
13,2007/2008,HOU,R. Adelman
14,2006/2007,HOU,J. Van Gundy
15,2005/2006,HOU,J. Van Gundy
16,2004/2005,HOU,J. Van Gundy
17,2003/2004,HOU,J. Van Gundy
18,2002/2003,HOU,R. Tomjanovich
19,2001/2002,HOU,R. Tomjanovich
20,2000/2001,HOU,R. Tomjanovich
21,1999/2000,HOU,R. Tomjanovich
22,1998/1999,HOU,R. Tomjanovich
23,1997/1998,HOU,R. Tomjanovich
24,1996/1997,HOU,R. Tomjanovich
25,1995/1996,HOU,R. Tomjanovich
26,1994/1995,HOU,R. Tomjanovich
27,1993/1994,HOU,R. Tomjanovich
28,1992/1993,HOU,R. Tomjanovich
29,1991/1992,HOU,D. Chaney
30,1990/1991,HOU,D. Chaney
31,1989/1990,HOU,D. Chaney
32,1988/1989,HOU,D. Chaney
33,1987/1988,HOU,B. Fitch
34,1986/1987,HOU,B. Fitch
35,1985/1986,HOU,B. Fitch
36,1984/1985,HOU,B. Fitch
37,1983/1984,HOU,B. Fitch
38,1982/1983,HOU,D. Harris
39,1981/1982,HOU,D. Harris
40,1980/1981,HOU,D. Harris
41,1979/1980,HOU,D. Harris
42,1978/1979,HOU,T. Nissalke
43,1977/1978,HOU,T. Nissalke
44,1976/1977,HOU,T. Nissalke
45,1975/1976,HOU,J. Egan
46,1974/1975,HOU,J. Egan
47,1973/1974,HOU,J. Egan
48,1972/1973,HOU,T. Winter
49,1971/1972,HOU,T. Winter
50,1970/1971,SDR,A. Hannum
51,1969/1970,SDR,J. McMahon
52,1968/1969,SDR,J. McMahon
53,1967/1968,SDR,J. McMahon
0,2020/2021,SAS,G. Popovich
1,2019/2020,SAS,G. Popovich
2,2018/2019,SAS,G. Popovich
3,2017/2018,SAS,G. Popovich
4,2016/2017,SAS,G. Popovich
5,2015/2016,SAS,G. Popovich
6,2014/2015,SAS,G. Popovich
7,2013/2014,SAS,G. Popovich
8,2012/2013,SAS,G. Popovich
9,2011/2012,SAS,G. Popovich
10,2010/2011,SAS,G. Popovich
11,2009/2010,SAS,G. Popovich
12,2008/2009,SAS,G. Popovich
13,2007/2008,SAS,G. Popovich
14,2006/2007,SAS,G. Popovich
15,2005/2006,SAS,G. Popovich
16,2004/2005,SAS,G. Popovich
17,2003/2004,SAS,G. Popovich
18,2002/2003,SAS,G. Popovich
19,2001/2002,SAS,G. Popovich
20,2000/2001,SAS,G. Popovich
21,1999/2000,SAS,G. Popovich
22,1998/1999,SAS,G. Popovich
23,1997/1998,SAS,G. Popovich
24,1996/1997,SAS,B. Hill
25,1995/1996,SAS,B. Hill
26,1994/1995,SAS,B. Hill
27,1993/1994,SAS,J. Lucas
28,1992/1993,SAS,J. Tarkanian
29,1991/1992,SAS,L. Brown
30,1990/1991,SAS,L. Brown
31,1989/1990,SAS,L. Brown
32,1988/1989,SAS,L. Brown
33,1987/1988,SAS,B. Weiss
34,1986/1987,SAS,B. Weiss
35,1985/1986,SAS,C. Fitzsimmons
36,1984/1985,SAS,C. Fitzsimmons
37,1983/1984,SAS,M. McHone
38,1982/1983,SAS,S. Albeck
39,1981/1982,SAS,S. Albeck
40,1980/1981,SAS,S. Albeck
41,1979/1980,SAS,D. Moe
42,1978/1979,SAS,D. Moe
43,1977/1978,SAS,D. Moe
44,1976/1977,SAS,D. Moe
45,1975/1976,SAS,B. Bass
46,1974/1975,SAS,T. Nissalke
47,1973/1974,SAS,T. Nissalke
48,1972/1973,,B. McCarthy
49,1971/1972,,T. Nissalke
50,1970/1971,,M. Williams
51,1969/1970,,C. Hagan
52,1968/1969,,C. Hagan
53,1967/1968,,C. Hagan
0,2020/2021,MEM,T. Jenkins
1,2019/2020,MEM,T. Jenkins
2,2018/2019,MEM,J. Bickerstaff
3,2017/2018,MEM,D. Fizdale
4,2016/2017,MEM,D. Fizdale
5,2015/2016,MEM,D. Joerger
6,2014/2015,MEM,D. Joerger
7,2013/2014,MEM,D. Joerger
8,2012/2013,MEM,L. Hollins
9,2011/2012,MEM,L. Hollins
10,2010/2011,MEM,L. Hollins
11,2009/2010,MEM,L. Hollins
12,2008/2009,MEM,M. Iavaroni
13,2007/2008,MEM,M. Iavaroni
14,2006/2007,MEM,M. Fratello
15,2005/2006,MEM,M. Fratello
16,2004/2005,MEM,H. Brown
17,2003/2004,MEM,H. Brown
18,2002/2003,MEM,S. Lowe
19,2001/2002,MEM,S. Lowe
20,2000/2001,VAN,S. Lowe
21,1999/2000,VAN,B. Hill
22,1998/1999,VAN,B. Hill
23,1997/1998,VAN,B. Hill
24,1996/1997,VAN,B. Winters
25,1995/1996,VAN,B. Winters
0,2020/2021,DAL,R. Carlisle
1,2019/2020,DAL,R. Carlisle
2,2018/2019,DAL,R. Carlisle
3,2017/2018,DAL,R. Carlisle
4,2016/2017,DAL,R. Carlisle
5,2015/2016,DAL,R. Carlisle
6,2014/2015,DAL,R. Carlisle
7,2013/2014,DAL,R. Carlisle
8,2012/2013,DAL,R. Carlisle
9,2011/2012,DAL,R. Carlisle
10,2010/2011,DAL,R. Carlisle
11,2009/2010,DAL,R. Carlisle
12,2008/2009,DAL,R. Carlisle
13,2007/2008,DAL,A. Johnson
14,2006/2007,DAL,A. Johnson
15,2005/2006,DAL,A. Johnson
16,2004/2005,DAL,D. Nelson
17,2003/2004,DAL,D. Nelson
18,2002/2003,DAL,D. Nelson
19,2001/2002,DAL,D. Nelson
20,2000/2001,DAL,D. Nelson
21,1999/2000,DAL,D. Nelson
22,1998/1999,DAL,D. Nelson
23,1997/1998,DAL,J. Cleamons
24,1996/1997,DAL,J. Cleamons
25,1995/1996,DAL,D. Motta
26,1994/1995,DAL,D. Motta
27,1993/1994,DAL,Q. Buckner
28,1992/1993,DAL,R. Adubato
29,1991/1992,DAL,R. Adubato
30,1990/1991,DAL,R. Adubato
31,1989/1990,DAL,J. MacLeod
32,1988/1989,DAL,J. MacLeod
33,1987/1988,DAL,J. MacLeod
34,1986/1987,DAL,D. Motta
35,1985/1986,DAL,D. Motta
36,1984/1985,DAL,D. Motta
37,1983/1984,DAL,D. Motta
38,1982/1983,DAL,D. Motta
39,1981/1982,DAL,D. Motta
40,1980/1981,DAL,D. Motta
0,1949/1950,AND,H. Schultz
1,1953/1954,BLB,C. Bee
2,1952/1953,BLB,C. Reiser
3,1951/1952,BLB,F. Scolari
4,1950/1951,BLB,B. Jeannette
5,1949/1950,BLB,B. Jeannette
6,1949/1950,CHS,P. Brownstein
7,1949/1950,DNN,J. Darden
8,1952/1953,INO,H. Schaefer
9,1951/1952,INO,H. Schaefer
10,1950/1951,INO,W. Jones
11,1949/1950,INO,
12,1949/1950,SHE,K. Suesens
13,1949/1950,STB,G. Lewis
14,1950/1951,WSC,B. McKinney
15,1949/1950,WSC,B. Feerick
16,1949/1950,WAT,C. Shipp
