Season,team,coach_name
1949/1950,FTW,M. Mendenhall
1949/1950,TRI,R. Potter
1949/1950,SYR,A. Cervi
1949/1950,NYK,J. Lapchick
1949/1950,BOS,A. Julian
1949/1950,MNL,J. Kundla
1949/1950,PHW,E. Gottlieb
1949/1950,ROC,L. Harrison
1949/1950,AND,H. Schultz
1949/1950,BLB,B. Jeannette
1949/1950,CHS,P. Brownstein
1949/1950,DNN,J. Darden
1949/1950,INO,W. Jones
1949/1950,SHE,K. Suesens
1949/1950,STB,G. Lewis
1949/1950,WSC,B. Feerick
1949/1950,WAT,C. Shipp
1950/1951,FTW,M. Mendenhall
1950/1951,TRI,D. McMillan
1950/1951,SYR,A. Cervi
1950/1951,NYK,J. Lapchick
1950/1951,BOS,R. Auerbach
1950/1951,MNL,J. Kundla
1950/1951,PHW,E. Gottlieb
1950/1951,ROC,L. Harrison
1950/1951,BLB,B. Jeannette
1950/1951,INO,W. Jones
1950/1951,WSC,B. McKinney
1951/1952,FTW,P. Birch
1951/1952,MLH,D. Moore
1951/1952,SYR,A. Cervi
1951/1952,NYK,J. Lapchick
1951/1952,BOS,R. Auerbach
1951/1952,MNL,J. Kundla
1951/1952,PHW,E. Gottlieb
1951/1952,ROC,L. Harrison
1951/1952,BLB,F. Scolari
1951/1952,INO,H. Schaefer
1952/1953,FTW,P. Birch
1952/1953,MLH,A. Levane
1952/1953,SYR,A. Cervi
1952/1953,NYK,J. Lapchick
1952/1953,BOS,R. Auerbach
1952/1953,MNL,J. Kundla
1952/1953,PHW,E. Gottlieb
1952/1953,ROC,L. Harrison
1952/1953,BLB,C. Reiser
1952/1953,INO,H. Schaefer
1953/1954,FTW,P. Birch
1953/1954,MLH,A. Levane
1953/1954,SYR,A. Cervi
1953/1954,NYK,J. Lapchick
1953/1954,BOS,R. Auerbach
1953/1954,MNL,J. Kundla
1953/1954,PHW,E. Gottlieb
1953/1954,ROC,L. Harrison
1953/1954,BLB,C. Bee
1954/1955,FTW,C. Eckman
1954/1955,MLH,R. Holzman
1954/1955,SYR,A. Cervi
1954/1955,NYK,J. Lapchick
1954/1955,BOS,R. Auerbach
1954/1955,MNL,J. Kundla
1954/1955,PHW,E. Gottlieb
1954/1955,ROC,L. Harrison
1955/1956,FTW,C. Eckman
1955/1956,STL,R. Holzman
1955/1956,SYR,A. Cervi
1955/1956,NYK,J. Lapchick
1955/1956,BOS,R. Auerbach
1955/1956,MNL,J. Kundla
1955/1956,PHW,G. Senesky
1955/1956,ROC,B. Wanzer
1956/1957,FTW,C. Eckman
1956/1957,STL,R. Holzman
1956/1957,SYR,A. Cervi
1956/1957,NYK,V. Boryla
1956/1957,BOS,R. Auerbach
1956/1957,MNL,J. Kundla
1956/1957,PHW,G. Senesky
1956/1957,ROC,B. Wanzer
1957/1958,DET,C. Eckman
1957/1958,STL,A. Hannum
1957/1958,SYR,P. Seymour
1957/1958,NYK,V. Boryla
1957/1958,BOS,R. Auerbach
1957/1958,MNL,G. Mikan
1957/1958,PHW,G. Senesky
1957/1958,CIN,B. Wanzer
1958/1959,DET,R. Rocha
1958/1959,STL,A. Phillip
1958/1959,SYR,P. Seymour
1958/1959,NYK,A. Levane
1958/1959,BOS,R. Auerbach
1958/1959,MNL,J. Kundla
1958/1959,PHW,A. Cervi
1958/1959,CIN,B. Wanzer
1959/1960,DET,R. Rocha
1959/1960,STL,E. Macauley
1959/1960,SYR,P. Seymour
1959/1960,NYK,A. Levane
1959/1960,BOS,R. Auerbach
1959/1960,MNL,J. Castellani
1959/1960,PHW,N. Johnston
1959/1960,CIN,T. Marshall
1960/1961,DET,D. McGuire
1960/1961,STL,P. Seymour
1960/1961,SYR,A. Hannum
1960/1961,NYK,C. Braun
1960/1961,BOS,R. Auerbach
1960/1961,LAL,F. Schaus
1960/1961,PHW,N. Johnston
1960/1961,CIN,C. Wolf
1961/1962,DET,D. McGuire
1961/1962,STL,P. Seymour
1961/1962,CHP,J. Pollard
1961/1962,SYR,A. Hannum
1961/1962,NYK,E. Donovan
1961/1962,BOS,R. Auerbach
1961/1962,LAL,F. Schaus
1961/1962,PHW,F. McGuire
1961/1962,CIN,C. Wolf
1962/1963,DET,D. McGuire
1962/1963,STL,H. Gallatin
1962/1963,CHZ,J. McMahon
1962/1963,SYR,A. Hannum
1962/1963,NYK,E. Donovan
1962/1963,BOS,R. Auerbach
1962/1963,LAL,F. Schaus
1962/1963,SFW,B. Feerick
1962/1963,CIN,C. Wolf
1963/1964,DET,C. Wolf
1963/1964,STL,H. Gallatin
1963/1964,BAL,S. Leonard
1963/1964,PHI,D. Schayes
1963/1964,NYK,E. Donovan
1963/1964,BOS,R. Auerbach
1963/1964,LAL,F. Schaus
1963/1964,SFW,A. Hannum
1963/1964,CIN,J. McMahon
1964/1965,DET,C. Wolf
1964/1965,STL,H. Gallatin
1964/1965,BAL,B. Jeannette
1964/1965,PHI,D. Schayes
1964/1965,NYK,E. Donovan
1964/1965,BOS,R. Auerbach
1964/1965,LAL,F. Schaus
1964/1965,SFW,A. Hannum
1964/1965,CIN,J. McMahon
1965/1966,DET,D. DeBusschere
1965/1966,STL,R. Guerin
1965/1966,BAL,P. Seymour
1965/1966,PHI,D. Schayes
1965/1966,NYK,H. Gallatin
1965/1966,BOS,R. Auerbach
1965/1966,LAL,F. Schaus
1965/1966,SFW,A. Hannum
1965/1966,CIN,J. McMahon
1966/1967,CHI,R. Kerr
1966/1967,DET,D. DeBusschere
1966/1967,STL,R. Guerin
1966/1967,BAL,M. Farmer
1966/1967,PHI,A. Hannum
1966/1967,NYK,D. McGuire
1966/1967,BOS,B. Russell
1966/1967,LAL,F. Schaus
1966/1967,SFW,B. Sharman
1966/1967,CIN,J. McMahon
1967/1968,CHI,R. Kerr
1967/1968,IND,L. Staverman
1967/1968,DET,D. Butcher
1967/1968,STL,R. Guerin
1967/1968,BAL,G. Shue
1967/1968,PHI,A. Hannum
1967/1968,NYK,D. McGuire
1967/1968,BOS,B. Russell
1967/1968,NYN,M. Zaslofsky
1967/1968,DEN,B. Bass
1967/1968,SEA,A. Bianchi
1967/1968,LAL,B. van Breda Kolff
1967/1968,SFW,B. Sharman
1967/1968,CIN,E. Jucker
1967/1968,SDR,J. McMahon
1967/1968,DAL,C. Hagan
1968/1969,MIL,L. Costello
1968/1969,CHI,D. Motta
1968/1969,IND,L. Staverman
1968/1969,DET,D. Butcher
1968/1969,ATL,R. Guerin
1968/1969,BAL,G. Shue
1968/1969,PHI,J. Ramsay
1968/1969,NYK,R. Holzman
1968/1969,BOS,B. Russell
1968/1969,NYN,M. Zaslofsky
1968/1969,DEN,B. Bass
1968/1969,SEA,A. Bianchi
1968/1969,LAL,B. van Breda Kolff
1968/1969,PHO,R. Kerr
1968/1969,SFW,G. Lee
1968/1969,CIN,E. Jucker
1968/1969,SDR,J. McMahon
1968/1969,DAL,C. Hagan
1969/1970,MIL,L. Costello
1969/1970,CHI,D. Motta
1969/1970,IND,S. Leonard
1969/1970,DET,B. van Breda Kolff
1969/1970,ATL,R. Guerin
1969/1970,BAL,G. Shue
1969/1970,PHI,J. Ramsay
1969/1970,NYK,R. Holzman
1969/1970,BOS,T. Heinsohn
1969/1970,NYN,Y. Larese
1969/1970,DEN,J. McLendon
1969/1970,SEA,L. Wilkens
1969/1970,LAL,J. Mullaney
1969/1970,PHO,R. Kerr
1969/1970,SFW,G. Lee
1969/1970,CIN,B. Cousy
1969/1970,SDR,J. McMahon
1969/1970,DAL,C. Hagan
1970/1971,MIL,L. Costello
1970/1971,CHI,D. Motta
1970/1971,IND,S. Leonard
1970/1971,DET,B. van Breda Kolff
1970/1971,CLE,B. Fitch
1970/1971,ATL,R. Guerin
1970/1971,BAL,G. Shue
1970/1971,PHI,J. Ramsay
1970/1971,NYK,R. Holzman
1970/1971,BOS,T. Heinsohn
1970/1971,NYN,L. Carnesecca
1970/1971,DEN,J. Belmont
1970/1971,SEA,L. Wilkens
1970/1971,POR,R. Todd
1970/1971,LAL,J. Mullaney
1970/1971,BUF,D. Schayes
1970/1971,PHO,C. Fitzsimmons
1970/1971,SFW,A. Attles
1970/1971,CIN,B. Cousy
1970/1971,SDR,A. Hannum
1970/1971,DAL,M. Williams
1971/1972,MIL,L. Costello
1971/1972,CHI,D. Motta
1971/1972,IND,S. Leonard
1971/1972,DET,B. van Breda Kolff
1971/1972,CLE,B. Fitch
1971/1972,ATL,R. Guerin
1971/1972,BAL,G. Shue
1971/1972,PHI,J. Ramsay
1971/1972,NYK,R. Holzman
1971/1972,BOS,T. Heinsohn
1971/1972,NYN,L. Carnesecca
1971/1972,DEN,A. Hannum
1971/1972,SEA,L. Wilkens
1971/1972,POR,R. Todd
1971/1972,LAL,B. Sharman
1971/1972,BUF,D. Schayes
1971/1972,PHO,C. Fitzsimmons
1971/1972,GSW,A. Attles
1971/1972,CIN,B. Cousy
1971/1972,HOU,T. Winter
1971/1972,DAL,T. Nissalke
1972/1973,MIL,L. Costello
1972/1973,CHI,D. Motta
1972/1973,IND,S. Leonard
1972/1973,DET,E. Lloyd
1972/1973,CLE,B. Fitch
1972/1973,ATL,C. Fitzsimmons
1972/1973,BAL,G. Shue
1972/1973,PHI,R. Rubin
1972/1973,NYK,R. Holzman
1972/1973,BOS,T. Heinsohn
1972/1973,NYN,L. Carnesecca
1972/1973,DEN,A. Hannum
1972/1973,SEA,T. Nissalke
1972/1973,POR,J. McCloskey
1972/1973,LAL,B. Sharman
1972/1973,BUF,J. Ramsay
1972/1973,PHO,B. van Breda Kolff
1972/1973,GSW,A. Attles
1972/1973,KCO,B. Cousy
1972/1973,HOU,T. Winter
1972/1973,DAL,B. McCarthy
1973/1974,MIL,L. Costello
1973/1974,CHI,D. Motta
1973/1974,IND,S. Leonard
1973/1974,DET,R. Scott
1973/1974,CLE,B. Fitch
1973/1974,ATL,C. Fitzsimmons
1973/1974,CAP,K. Jones
1973/1974,PHI,G. Shue
1973/1974,NYK,R. Holzman
1973/1974,BOS,T. Heinsohn
1973/1974,NYN,K. Loughery
1973/1974,DEN,A. Hannum
1973/1974,SEA,B. Russell
1973/1974,POR,J. McCloskey
1973/1974,LAL,B. Sharman
1973/1974,BUF,J. Ramsay
1973/1974,PHO,J. MacLeod
1973/1974,GSW,A. Attles
1973/1974,KCO,B. Cousy
1973/1974,HOU,J. Egan
1973/1974,SAS,T. Nissalke
1974/1975,MIL,L. Costello
1974/1975,CHI,D. Motta
1974/1975,IND,S. Leonard
1974/1975,DET,R. Scott
1974/1975,CLE,B. Fitch
1974/1975,ATL,C. Fitzsimmons
1974/1975,WSB,K. Jones
1974/1975,PHI,G. Shue
1974/1975,NYK,R. Holzman
1974/1975,BOS,T. Heinsohn
1974/1975,NYN,K. Loughery
1974/1975,NOJ,S. Robertson
1974/1975,DEN,L. Brown
1974/1975,SEA,B. Russell
1974/1975,POR,L. Wilkens
1974/1975,LAL,B. Sharman
1974/1975,BUF,J. Ramsay
1974/1975,PHO,J. MacLeod
1974/1975,GSW,A. Attles
1974/1975,KCO,P. Johnson
1974/1975,HOU,J. Egan
1974/1975,SAS,T. Nissalke
1975/1976,MIL,L. Costello
1975/1976,CHI,D. Motta
1975/1976,IND,S. Leonard
1975/1976,DET,R. Scott
1975/1976,CLE,B. Fitch
1975/1976,ATL,C. Fitzsimmons
1975/1976,WSB,K. Jones
1975/1976,PHI,G. Shue
1975/1976,NYK,R. Holzman
1975/1976,BOS,T. Heinsohn
1975/1976,NYN,K. Loughery
1975/1976,NOJ,B. van Breda Kolff
1975/1976,DEN,L. Brown
1975/1976,SEA,B. Russell
1975/1976,POR,L. Wilkens
1975/1976,LAL,B. Sharman
1975/1976,BUF,J. Ramsay
1975/1976,PHO,J. MacLeod
1975/1976,GSW,A. Attles
1975/1976,KCK,P. Johnson
1975/1976,HOU,J. Egan
1975/1976,SAS,B. Bass
1976/1977,MIL,L. Costello
1976/1977,CHI,E. Badger
1976/1977,IND,S. Leonard
1976/1977,DET,H. Brown
1976/1977,CLE,B. Fitch
1976/1977,ATL,H. Brown
1976/1977,WSB,D. Motta
1976/1977,PHI,G. Shue
1976/1977,NYK,R. Holzman
1976/1977,BOS,T. Heinsohn
1976/1977,NYN,K. Loughery
1976/1977,NOJ,B. van Breda Kolff
1976/1977,DEN,L. Brown
1976/1977,SEA,B. Russell
1976/1977,POR,J. Ramsay
1976/1977,LAL,J. West
1976/1977,BUF,T. Locke
1976/1977,PHO,J. MacLeod
1976/1977,GSW,A. Attles
1976/1977,KCK,P. Johnson
1976/1977,HOU,T. Nissalke
1976/1977,SAS,D. Moe
1977/1978,MIL,D. Nelson
1977/1978,CHI,E. Badger
1977/1978,IND,S. Leonard
1977/1978,DET,H. Brown
1977/1978,CLE,B. Fitch
1977/1978,ATL,H. Brown
1977/1978,WSB,D. Motta
1977/1978,PHI,G. Shue
1977/1978,NYK,W. Reed
1977/1978,BOS,T. Heinsohn
1977/1978,NJN,K. Loughery
1977/1978,NOJ,E. Baylor
1977/1978,DEN,L. Brown
1977/1978,SEA,B. Hopkins
1977/1978,POR,J. Ramsay
1977/1978,LAL,J. West
1977/1978,BUF,C. Fitzsimmons
1977/1978,PHO,J. MacLeod
1977/1978,GSW,A. Attles
1977/1978,KCK,P. Johnson
1977/1978,HOU,T. Nissalke
1977/1978,SAS,D. Moe
1978/1979,MIL,D. Nelson
1978/1979,CHI,L. Costello
1978/1979,IND,S. Leonard
1978/1979,DET,D. Vitale
1978/1979,CLE,B. Fitch
1978/1979,ATL,H. Brown
1978/1979,WSB,D. Motta
1978/1979,PHI,B. Cunningham
1978/1979,NYK,W. Reed
1978/1979,BOS,T. Sanders
1978/1979,NJN,K. Loughery
1978/1979,NOJ,E. Baylor
1978/1979,DEN,L. Brown
1978/1979,SEA,L. Wilkens
1978/1979,POR,J. Ramsay
1978/1979,LAL,J. West
1978/1979,SDC,G. Shue
1978/1979,PHO,J. MacLeod
1978/1979,GSW,A. Attles
1978/1979,KCK,C. Fitzsimmons
1978/1979,HOU,T. Nissalke
1978/1979,SAS,D. Moe
1979/1980,MIL,D. Nelson
1979/1980,CHI,J. Sloan
1979/1980,IND,S. Leonard
1979/1980,DET,D. Vitale
1979/1980,CLE,S. Albeck
1979/1980,ATL,H. Brown
1979/1980,WSB,D. Motta
1979/1980,PHI,B. Cunningham
1979/1980,NYK,R. Holzman
1979/1980,BOS,B. Fitch
1979/1980,NJN,K. Loughery
1979/1980,UTA,T. Nissalke
1979/1980,DEN,D. Walsh
1979/1980,SEA,L. Wilkens
1979/1980,POR,J. Ramsay
1979/1980,LAL,J. McKinney
1979/1980,SDC,G. Shue
1979/1980,PHO,J. MacLeod
1979/1980,GSW,A. Attles
1979/1980,KCK,C. Fitzsimmons
1979/1980,HOU,D. Harris
1979/1980,SAS,D. Moe
1980/1981,MIL,D. Nelson
1980/1981,CHI,J. Sloan
1980/1981,IND,J. McKinney
1980/1981,DET,S. Robertson
1980/1981,CLE,B. Musselman
1980/1981,ATL,H. Brown
1980/1981,WSB,G. Shue
1980/1981,PHI,B. Cunningham
1980/1981,NYK,R. Holzman
1980/1981,BOS,B. Fitch
1980/1981,NJN,K. Loughery
1980/1981,UTA,T. Nissalke
1980/1981,DEN,D. Walsh
1980/1981,SEA,L. Wilkens
1980/1981,POR,J. Ramsay
1980/1981,LAL,P. Westhead
1980/1981,SDC,P. Silas
1980/1981,PHO,J. MacLeod
1980/1981,GSW,A. Attles
1980/1981,KCK,C. Fitzsimmons
1980/1981,HOU,D. Harris
1980/1981,SAS,S. Albeck
1980/1981,DAL,D. Motta
1981/1982,MIL,D. Nelson
1981/1982,CHI,J. Sloan
1981/1982,IND,J. McKinney
1981/1982,DET,S. Robertson
1981/1982,CLE,D. Delaney
1981/1982,ATL,K. Loughery
1981/1982,WSB,G. Shue
1981/1982,PHI,B. Cunningham
1981/1982,NYK,R. Holzman
1981/1982,BOS,B. Fitch
1981/1982,NJN,L. Brown
1981/1982,UTA,T. Nissalke
1981/1982,DEN,D. Moe
1981/1982,SEA,L. Wilkens
1981/1982,POR,J. Ramsay
1981/1982,LAL,P. Westhead
1981/1982,SDC,P. Silas
1981/1982,PHO,J. MacLeod
1981/1982,GSW,A. Attles
1981/1982,KCK,C. Fitzsimmons
1981/1982,HOU,D. Harris
1981/1982,SAS,S. Albeck
1981/1982,DAL,D. Motta
1982/1983,MIL,D. Nelson
1982/1983,CHI,P. Westhead
1982/1983,IND,J. McKinney
1982/1983,DET,S. Robertson
1982/1983,CLE,T. Nissalke
1982/1983,ATL,K. Loughery
1982/1983,WSB,G. Shue
1982/1983,PHI,B. Cunningham
1982/1983,NYK,H. Brown
1982/1983,BOS,B. Fitch
1982/1983,NJN,L. Brown
1982/1983,UTA,F. Layden
1982/1983,DEN,D. Moe
1982/1983,SEA,L. Wilkens
1982/1983,POR,J. Ramsay
1982/1983,LAL,P. Riley
1982/1983,SDC,P. Silas
1982/1983,PHO,J. MacLeod
1982/1983,GSW,A. Attles
1982/1983,KCK,C. Fitzsimmons
1982/1983,HOU,D. Harris
1982/1983,SAS,S. Albeck
1982/1983,DAL,D. Motta
1983/1984,MIL,D. Nelson
1983/1984,CHI,K. Loughery
1983/1984,IND,J. McKinney
1983/1984,DET,C. Daly
1983/1984,CLE,T. Nissalke
1983/1984,ATL,M. Fratello
1983/1984,WSB,G. Shue
1983/1984,PHI,B. Cunningham
1983/1984,NYK,H. Brown
1983/1984,BOS,K. Jones
1983/1984,NJN,S. Albeck
1983/1984,UTA,F. Layden
1983/1984,DEN,D. Moe
1983/1984,SEA,L. Wilkens
1983/1984,POR,J. Ramsay
1983/1984,LAL,P. Riley
1983/1984,SDC,J. Lynam
1983/1984,PHO,J. MacLeod
1983/1984,GSW,J. Bach
1983/1984,KCK,C. Fitzsimmons
1983/1984,HOU,B. Fitch
1983/1984,SAS,M. McHone
1983/1984,DAL,D. Motta
1984/1985,MIL,D. Nelson
1984/1985,CHI,K. Loughery
1984/1985,IND,G. Irvine
1984/1985,DET,C. Daly
1984/1985,CLE,G. Karl
1984/1985,ATL,M. Fratello
1984/1985,WSB,G. Shue
1984/1985,PHI,B. Cunningham
1984/1985,NYK,H. Brown
1984/1985,BOS,K. Jones
1984/1985,NJN,S. Albeck
1984/1985,UTA,F. Layden
1984/1985,DEN,D. Moe
1984/1985,SEA,L. Wilkens
1984/1985,POR,J. Ramsay
1984/1985,LAL,P. Riley
1984/1985,LAC,J. Lynam
1984/1985,PHO,J. MacLeod
1984/1985,GSW,J. Bach
1984/1985,KCK,J. McKinney
1984/1985,HOU,B. Fitch
1984/1985,SAS,C. Fitzsimmons
1984/1985,DAL,D. Motta
1985/1986,MIL,D. Nelson
1985/1986,CHI,S. Albeck
1985/1986,IND,G. Irvine
1985/1986,DET,C. Daly
1985/1986,CLE,G. Karl
1985/1986,ATL,M. Fratello
1985/1986,WSB,G. Shue
1985/1986,PHI,M. Guokas
1985/1986,NYK,H. Brown
1985/1986,BOS,K. Jones
1985/1986,NJN,D. Wohl
1985/1986,UTA,F. Layden
1985/1986,DEN,D. Moe
1985/1986,SEA,B. Bickerstaff
1985/1986,POR,J. Ramsay
1985/1986,LAL,P. Riley
1985/1986,LAC,D. Chaney
1985/1986,PHO,J. MacLeod
1985/1986,GSW,J. Bach
1985/1986,SAC,P. Johnson
1985/1986,HOU,B. Fitch
1985/1986,SAS,C. Fitzsimmons
1985/1986,DAL,D. Motta
1986/1987,MIL,D. Nelson
1986/1987,CHI,D. Collins
1986/1987,IND,J. Ramsay
1986/1987,DET,C. Daly
1986/1987,CLE,L. Wilkens
1986/1987,ATL,M. Fratello
1986/1987,WSB,K. Loughery
1986/1987,PHI,M. Guokas
1986/1987,NYK,H. Brown
1986/1987,BOS,K. Jones
1986/1987,NJN,D. Wohl
1986/1987,UTA,F. Layden
1986/1987,DEN,D. Moe
1986/1987,SEA,B. Bickerstaff
1986/1987,POR,M. Schuler
1986/1987,LAL,P. Riley
1986/1987,LAC,D. Chaney
1986/1987,PHO,J. MacLeod
1986/1987,GSW,G. Karl
1986/1987,SAC,P. Johnson
1986/1987,HOU,B. Fitch
1986/1987,SAS,B. Weiss
1986/1987,DAL,D. Motta
1987/1988,MIL,D. Harris
1987/1988,CHI,D. Collins
1987/1988,IND,J. Ramsay
1987/1988,DET,C. Daly
1987/1988,CLE,L. Wilkens
1987/1988,ATL,M. Fratello
1987/1988,WSB,K. Loughery
1987/1988,PHI,M. Guokas
1987/1988,NYK,R. Pitino
1987/1988,BOS,K. Jones
1987/1988,NJN,D. Wohl
1987/1988,UTA,F. Layden
1987/1988,DEN,D. Moe
1987/1988,SEA,B. Bickerstaff
1987/1988,POR,M. Schuler
1987/1988,LAL,P. Riley
1987/1988,LAC,G. Shue
1987/1988,PHO,J. Wetzel
1987/1988,GSW,G. Karl
1987/1988,SAC,B. Russell
1987/1988,HOU,B. Fitch
1987/1988,SAS,B. Weiss
1987/1988,DAL,J. MacLeod
1988/1989,MIL,D. Harris
1988/1989,CHI,D. Collins
1988/1989,IND,J. Ramsay
1988/1989,DET,C. Daly
1988/1989,CLE,L. Wilkens
1988/1989,ATL,M. Fratello
1988/1989,MIA,R. Rothstein
1988/1989,CHH,D. Harter
1988/1989,WSB,W. Unseld
1988/1989,PHI,J. Lynam
1988/1989,NYK,R. Pitino
1988/1989,BOS,J. Rodgers
1988/1989,NJN,W. Reed
1988/1989,UTA,F. Layden
1988/1989,DEN,D. Moe
1988/1989,SEA,B. Bickerstaff
1988/1989,POR,M. Schuler
1988/1989,LAL,P. Riley
1988/1989,LAC,G. Shue
1988/1989,PHO,C. Fitzsimmons
1988/1989,GSW,D. Nelson
1988/1989,SAC,J. Reynolds
1988/1989,HOU,D. Chaney
1988/1989,SAS,L. Brown
1988/1989,DAL,J. MacLeod
1989/1990,MIL,D. Harris
1989/1990,CHI,P. Jackson
1989/1990,IND,D. Versace
1989/1990,DET,C. Daly
1989/1990,CLE,L. Wilkens
1989/1990,ATL,M. Fratello
1989/1990,MIA,R. Rothstein
1989/1990,CHH,D. Harter
1989/1990,ORL,M. Guokas
1989/1990,WSB,W. Unseld
1989/1990,PHI,J. Lynam
1989/1990,NYK,S. Jackson
1989/1990,BOS,J. Rodgers
1989/1990,NJN,B. Fitch
1989/1990,UTA,J. Sloan
1989/1990,DEN,D. Moe
1989/1990,SEA,B. Bickerstaff
1989/1990,MIN,B. Musselman
1989/1990,POR,R. Adelman
1989/1990,LAL,P. Riley
1989/1990,LAC,D. Casey
1989/1990,PHO,C. Fitzsimmons
1989/1990,GSW,D. Nelson
1989/1990,SAC,J. Reynolds
1989/1990,HOU,D. Chaney
1989/1990,SAS,L. Brown
1989/1990,DAL,J. MacLeod
1990/1991,MIL,D. Harris
1990/1991,CHI,P. Jackson
1990/1991,IND,D. Versace
1990/1991,DET,C. Daly
1990/1991,CLE,L. Wilkens
1990/1991,ATL,B. Weiss
1990/1991,MIA,R. Rothstein
1990/1991,CHH,G. Littles
1990/1991,ORL,M. Guokas
1990/1991,WSB,W. Unseld
1990/1991,PHI,J. Lynam
1990/1991,NYK,S. Jackson
1990/1991,BOS,C. Ford
1990/1991,NJN,B. Fitch
1990/1991,UTA,J. Sloan
1990/1991,DEN,P. Westhead
1990/1991,SEA,K. Jones
1990/1991,MIN,B. Musselman
1990/1991,POR,R. Adelman
1990/1991,LAL,M. Dunleavy
1990/1991,LAC,M. Schuler
1990/1991,PHO,C. Fitzsimmons
1990/1991,GSW,D. Nelson
1990/1991,SAC,D. Motta
1990/1991,HOU,D. Chaney
1990/1991,SAS,L. Brown
1990/1991,DAL,R. Adubato
1991/1992,MIL,D. Harris
1991/1992,CHI,P. Jackson
1991/1992,IND,B. Hill
1991/1992,DET,C. Daly
1991/1992,CLE,L. Wilkens
1991/1992,ATL,B. Weiss
1991/1992,MIA,K. Loughery
1991/1992,CHH,A. Bristow
1991/1992,ORL,M. Guokas
1991/1992,WSB,W. Unseld
1991/1992,PHI,J. Lynam
1991/1992,NYK,P. Riley
1991/1992,BOS,C. Ford
1991/1992,NJN,B. Fitch
1991/1992,UTA,J. Sloan
1991/1992,DEN,P. Westhead
1991/1992,SEA,K. Jones
1991/1992,MIN,J. Rodgers
1991/1992,POR,R. Adelman
1991/1992,LAL,M. Dunleavy
1991/1992,LAC,M. Schuler
1991/1992,PHO,C. Fitzsimmons
1991/1992,GSW,D. Nelson
1991/1992,SAC,D. Motta
1991/1992,HOU,D. Chaney
1991/1992,SAS,L. Brown
1991/1992,DAL,R. Adubato
1992/1993,MIL,M. Dunleavy
1992/1993,CHI,P. Jackson
1992/1993,IND,B. Hill
1992/1993,DET,R. Rothstein
1992/1993,CLE,L. Wilkens
1992/1993,ATL,B. Weiss
1992/1993,MIA,K. Loughery
1992/1993,CHH,A. Bristow
1992/1993,ORL,M. Guokas
1992/1993,WSB,W. Unseld
1992/1993,PHI,D. Moe
1992/1993,NYK,P. Riley
1992/1993,BOS,C. Ford
1992/1993,NJN,C. Daly
1992/1993,UTA,J. Sloan
1992/1993,DEN,D. Issel
1992/1993,SEA,G. Karl
1992/1993,MIN,J. Rodgers
1992/1993,POR,R. Adelman
1992/1993,LAL,R. Pfund
1992/1993,LAC,L. Brown
1992/1993,PHO,P. Westphal
1992/1993,GSW,D. Nelson
1992/1993,SAC,G. St. Jean
1992/1993,HOU,R. Tomjanovich
1992/1993,SAS,J. Tarkanian
1992/1993,DAL,R. Adubato
1993/1994,MIL,M. Dunleavy
1993/1994,CHI,P. Jackson
1993/1994,IND,L. Brown
1993/1994,DET,D. Chaney
1993/1994,CLE,M. Fratello
1993/1994,ATL,L. Wilkens
1993/1994,MIA,K. Loughery
1993/1994,CHH,A. Bristow
1993/1994,ORL,B. Hill
1993/1994,WSB,W. Unseld
1993/1994,PHI,F. Carter
1993/1994,NYK,P. Riley
1993/1994,BOS,C. Ford
1993/1994,NJN,C. Daly
1993/1994,UTA,J. Sloan
1993/1994,DEN,D. Issel
1993/1994,SEA,G. Karl
1993/1994,MIN,S. Lowe
1993/1994,POR,R. Adelman
1993/1994,LAL,R. Pfund
1993/1994,LAC,B. Weiss
1993/1994,PHO,P. Westphal
1993/1994,GSW,D. Nelson
1993/1994,SAC,G. St. Jean
1993/1994,HOU,R. Tomjanovich
1993/1994,SAS,J. Lucas
1993/1994,DAL,Q. Buckner
1994/1995,MIL,M. Dunleavy
1994/1995,CHI,P. Jackson
1994/1995,IND,L. Brown
1994/1995,DET,D. Chaney
1994/1995,CLE,M. Fratello
1994/1995,ATL,L. Wilkens
1994/1995,MIA,K. Loughery
1994/1995,CHH,A. Bristow
1994/1995,ORL,B. Hill
1994/1995,WSB,J. Lynam
1994/1995,PHI,J. Lucas
1994/1995,NYK,P. Riley
1994/1995,BOS,C. Ford
1994/1995,NJN,B. Beard
1994/1995,UTA,J. Sloan
1994/1995,DEN,D. Issel
1994/1995,SEA,G. Karl
1994/1995,MIN,B. Blair
1994/1995,POR,P. Carlesimo
1994/1995,LAL,D. Harris
1994/1995,LAC,B. Fitch
1994/1995,PHO,P. Westphal
1994/1995,GSW,D. Nelson
1994/1995,SAC,G. St. Jean
1994/1995,HOU,R. Tomjanovich
1994/1995,SAS,B. Hill
1994/1995,DAL,D. Motta
1995/1996,MIL,M. Dunleavy
1995/1996,CHI,P. Jackson
1995/1996,IND,L. Brown
1995/1996,DET,D. Collins
1995/1996,CLE,M. Fratello
1995/1996,ATL,L. Wilkens
1995/1996,MIA,P. Riley
1995/1996,CHH,A. Bristow
1995/1996,ORL,B. Hill
1995/1996,WSB,J. Lynam
1995/1996,PHI,J. Lucas
1995/1996,NYK,D. Nelson
1995/1996,BOS,M. Carr
1995/1996,NJN,B. Beard
1995/1996,TOR,B. Malone
1995/1996,UTA,J. Sloan
1995/1996,DEN,B. Bickerstaff
1995/1996,SEA,G. Karl
1995/1996,MIN,B. Blair
1995/1996,POR,P. Carlesimo
1995/1996,LAL,D. Harris
1995/1996,LAC,B. Fitch
1995/1996,PHO,P. Westphal
1995/1996,GSW,R. Adelman
1995/1996,SAC,G. St. Jean
1995/1996,HOU,R. Tomjanovich
1995/1996,SAS,B. Hill
1995/1996,VAN,B. Winters
1995/1996,DAL,D. Motta
1996/1997,MIL,C. Ford
1996/1997,CHI,P. Jackson
1996/1997,IND,L. Brown
1996/1997,DET,D. Collins
1996/1997,CLE,M. Fratello
1996/1997,ATL,L. Wilkens
1996/1997,MIA,P. Riley
1996/1997,CHH,D. Cowens
1996/1997,ORL,B. Hill
1996/1997,WSB,J. Lynam
1996/1997,PHI,J. Davis
1996/1997,NYK,J. Van Gundy
1996/1997,BOS,M. Carr
1996/1997,NJN,J. Calipari
1996/1997,TOR,D. Walker
1996/1997,UTA,J. Sloan
1996/1997,DEN,B. Bickerstaff
1996/1997,SEA,G. Karl
1996/1997,MIN,F. Saunders
1996/1997,POR,P. Carlesimo
1996/1997,LAL,D. Harris
1996/1997,LAC,B. Fitch
1996/1997,PHO,C. Fitzsimmons
1996/1997,GSW,R. Adelman
1996/1997,SAC,G. St. Jean
1996/1997,HOU,R. Tomjanovich
1996/1997,SAS,B. Hill
1996/1997,VAN,B. Winters
1996/1997,DAL,J. Cleamons
1997/1998,MIL,C. Ford
1997/1998,CHI,P. Jackson
1997/1998,IND,L. Bird
1997/1998,DET,D. Collins
1997/1998,CLE,M. Fratello
1997/1998,ATL,L. Wilkens
1997/1998,MIA,P. Riley
1997/1998,CHH,D. Cowens
1997/1998,ORL,C. Daly
1997/1998,WAS,B. Bickerstaff
1997/1998,PHI,L. Brown
1997/1998,NYK,J. Van Gundy
1997/1998,BOS,R. Pitino
1997/1998,NJN,J. Calipari
1997/1998,TOR,D. Walker
1997/1998,UTA,J. Sloan
1997/1998,DEN,B. Hanzlik
1997/1998,SEA,G. Karl
1997/1998,MIN,F. Saunders
1997/1998,POR,M. Dunleavy
1997/1998,LAL,D. Harris
1997/1998,LAC,B. Fitch
1997/1998,PHO,D. Ainge
1997/1998,GSW,P. Carlesimo
1997/1998,SAC,E. Jordan
1997/1998,HOU,R. Tomjanovich
1997/1998,SAS,G. Popovich
1997/1998,VAN,B. Hill
1997/1998,DAL,J. Cleamons
1998/1999,MIL,G. Karl
1998/1999,CHI,T. Floyd
1998/1999,IND,L. Bird
1998/1999,DET,A. Gentry
1998/1999,CLE,M. Fratello
1998/1999,ATL,L. Wilkens
1998/1999,MIA,P. Riley
1998/1999,CHH,D. Cowens
1998/1999,ORL,C. Daly
1998/1999,WAS,B. Bickerstaff
1998/1999,PHI,L. Brown
1998/1999,NYK,J. Van Gundy
1998/1999,BOS,R. Pitino
1998/1999,NJN,J. Calipari
1998/1999,TOR,B. Carter
1998/1999,UTA,J. Sloan
1998/1999,DEN,M. D'Antoni
1998/1999,SEA,P. Westphal
1998/1999,MIN,F. Saunders
1998/1999,POR,M. Dunleavy
1998/1999,LAL,D. Harris
1998/1999,LAC,C. Ford
1998/1999,PHO,D. Ainge
1998/1999,GSW,P. Carlesimo
1998/1999,SAC,R. Adelman
1998/1999,HOU,R. Tomjanovich
1998/1999,SAS,G. Popovich
1998/1999,VAN,B. Hill
1998/1999,DAL,D. Nelson
1999/2000,MIL,G. Karl
1999/2000,CHI,T. Floyd
1999/2000,IND,L. Bird
1999/2000,DET,A. Gentry
1999/2000,CLE,R. Wittman
1999/2000,ATL,L. Wilkens
1999/2000,MIA,P. Riley
1999/2000,CHH,P. Silas
1999/2000,ORL,D. Rivers
1999/2000,WAS,G. Heard
1999/2000,PHI,L. Brown
1999/2000,NYK,J. Van Gundy
1999/2000,BOS,R. Pitino
1999/2000,NJN,D. Casey
1999/2000,TOR,B. Carter
1999/2000,UTA,J. Sloan
1999/2000,DEN,D. Issel
1999/2000,SEA,P. Westphal
1999/2000,MIN,F. Saunders
1999/2000,POR,M. Dunleavy
1999/2000,LAL,P. Jackson
1999/2000,LAC,C. Ford
1999/2000,PHO,D. Ainge
1999/2000,GSW,P. Carlesimo
1999/2000,SAC,R. Adelman
1999/2000,HOU,R. Tomjanovich
1999/2000,SAS,G. Popovich
1999/2000,VAN,B. Hill
1999/2000,DAL,D. Nelson
2000/2001,MIL,G. Karl
2000/2001,CHI,T. Floyd
2000/2001,IND,I. Thomas
2000/2001,DET,G. Irvine
2000/2001,CLE,R. Wittman
2000/2001,ATL,L. Kruger
2000/2001,MIA,P. Riley
2000/2001,CHH,P. Silas
2000/2001,ORL,D. Rivers
2000/2001,WAS,L. Hamilton
2000/2001,PHI,L. Brown
2000/2001,NYK,J. Van Gundy
2000/2001,BOS,R. Pitino
2000/2001,NJN,B. Scott
2000/2001,TOR,L. Wilkens
2000/2001,UTA,J. Sloan
2000/2001,DEN,D. Issel
2000/2001,SEA,P. Westphal
2000/2001,MIN,F. Saunders
2000/2001,POR,M. Dunleavy
2000/2001,LAL,P. Jackson
2000/2001,LAC,A. Gentry
2000/2001,PHO,S. Skiles
2000/2001,GSW,D. Cowens
2000/2001,SAC,R. Adelman
2000/2001,HOU,R. Tomjanovich
2000/2001,SAS,G. Popovich
2000/2001,VAN,S. Lowe
2000/2001,DAL,D. Nelson
2001/2002,MIL,G. Karl
2001/2002,CHI,T. Floyd
2001/2002,IND,I. Thomas
2001/2002,DET,R. Carlisle
2001/2002,CLE,J. Lucas
2001/2002,ATL,L. Kruger
2001/2002,MIA,P. Riley
2001/2002,CHH,P. Silas
2001/2002,ORL,D. Rivers
2001/2002,WAS,D. Collins
2001/2002,PHI,L. Brown
2001/2002,NYK,J. Van Gundy
2001/2002,BOS,J. O'Brien
2001/2002,NJN,B. Scott
2001/2002,TOR,L. Wilkens
2001/2002,UTA,J. Sloan
2001/2002,DEN,D. Issel
2001/2002,SEA,N. McMillan
2001/2002,MIN,F. Saunders
2001/2002,POR,M. Cheeks
2001/2002,LAL,P. Jackson
2001/2002,LAC,A. Gentry
2001/2002,PHO,S. Skiles
2001/2002,GSW,D. Cowens
2001/2002,SAC,R. Adelman
2001/2002,HOU,R. Tomjanovich
2001/2002,SAS,G. Popovich
2001/2002,MEM,S. Lowe
2001/2002,DAL,D. Nelson
2002/2003,MIL,G. Karl
2002/2003,CHI,B. Cartwright
2002/2003,IND,I. Thomas
2002/2003,DET,R. Carlisle
2002/2003,CLE,J. Lucas
2002/2003,ATL,L. Kruger
2002/2003,MIA,P. Riley
2002/2003,ORL,D. Rivers
2002/2003,WAS,D. Collins
2002/2003,PHI,L. Brown
2002/2003,NYK,D. Chaney
2002/2003,BOS,J. O'Brien
2002/2003,NJN,B. Scott
2002/2003,TOR,L. Wilkens
2002/2003,UTA,J. Sloan
2002/2003,DEN,J. Bzdelik
2002/2003,SEA,N. McMillan
2002/2003,MIN,F. Saunders
2002/2003,POR,M. Cheeks
2002/2003,LAL,P. Jackson
2002/2003,LAC,A. Gentry
2002/2003,PHO,F. Johnson
2002/2003,GSW,E. Musselman
2002/2003,SAC,R. Adelman
2002/2003,NOH,P. Silas
2002/2003,HOU,R. Tomjanovich
2002/2003,SAS,G. Popovich
2002/2003,MEM,S. Lowe
2002/2003,DAL,D. Nelson
2003/2004,MIL,T. Porter
2003/2004,CHI,B. Cartwright
2003/2004,IND,R. Carlisle
2003/2004,DET,L. Brown
2003/2004,CLE,P. Silas
2003/2004,ATL,T. Stotts
2003/2004,MIA,S. Van Gundy
2003/2004,ORL,D. Rivers
2003/2004,WAS,E. Jordan
2003/2004,PHI,R. Ayers
2003/2004,NYK,D. Chaney
2003/2004,BOS,J. O'Brien
2003/2004,NJN,B. Scott
2003/2004,TOR,K. O'Neill
2003/2004,UTA,J. Sloan
2003/2004,DEN,J. Bzdelik
2003/2004,SEA,N. McMillan
2003/2004,MIN,F. Saunders
2003/2004,POR,M. Cheeks
2003/2004,LAL,P. Jackson
2003/2004,LAC,M. Dunleavy
2003/2004,PHO,F. Johnson
2003/2004,GSW,E. Musselman
2003/2004,SAC,R. Adelman
2003/2004,NOH,T. Floyd
2003/2004,HOU,J. Van Gundy
2003/2004,SAS,G. Popovich
2003/2004,MEM,H. Brown
2003/2004,DAL,D. Nelson
2004/2005,MIL,T. Porter
2004/2005,CHI,S. Skiles
2004/2005,IND,R. Carlisle
2004/2005,DET,L. Brown
2004/2005,CLE,P. Silas
2004/2005,ATL,M. Woodson
2004/2005,MIA,S. Van Gundy
2004/2005,CHA,B. Bickerstaff
2004/2005,ORL,J. Davis
2004/2005,WAS,E. Jordan
2004/2005,PHI,J. O'Brien
2004/2005,NYK,L. Wilkens
2004/2005,BOS,D. Rivers
2004/2005,NJN,L. Frank
2004/2005,TOR,S. Mitchell
2004/2005,UTA,J. Sloan
2004/2005,DEN,J. Bzdelik
2004/2005,SEA,N. McMillan
2004/2005,MIN,F. Saunders
2004/2005,POR,M. Cheeks
2004/2005,LAL,R. Tomjanovich
2004/2005,LAC,M. Dunleavy
2004/2005,PHO,M. D'Antoni
2004/2005,GSW,M. Montgomery
2004/2005,SAC,R. Adelman
2004/2005,NOH,B. Scott
2004/2005,HOU,J. Van Gundy
2004/2005,SAS,G. Popovich
2004/2005,MEM,H. Brown
2004/2005,DAL,D. Nelson
2005/2006,MIL,T. Stotts
2005/2006,CHI,S. Skiles
2005/2006,IND,R. Carlisle
2005/2006,DET,F. Saunders
2005/2006,CLE,M. Brown
2005/2006,ATL,M. Woodson
2005/2006,MIA,S. Van Gundy
2005/2006,CHA,B. Bickerstaff
2005/2006,ORL,B. Hill
2005/2006,WAS,E. Jordan
2005/2006,PHI,M. Cheeks
2005/2006,NYK,L. Brown
2005/2006,BOS,D. Rivers
2005/2006,NJN,L. Frank
2005/2006,TOR,S. Mitchell
2005/2006,UTA,J. Sloan
2005/2006,DEN,G. Karl
2005/2006,SEA,B. Weiss
2005/2006,MIN,D. Casey
2005/2006,POR,N. McMillan
2005/2006,LAL,P. Jackson
2005/2006,LAC,M. Dunleavy
2005/2006,PHO,M. D'Antoni
2005/2006,GSW,M. Montgomery
2005/2006,SAC,R. Adelman
2005/2006,NOK,B. Scott
2005/2006,HOU,J. Van Gundy
2005/2006,SAS,G. Popovich
2005/2006,MEM,M. Fratello
2005/2006,DAL,A. Johnson
2006/2007,MIL,T. Stotts
2006/2007,CHI,S. Skiles
2006/2007,IND,R. Carlisle
2006/2007,DET,F. Saunders
2006/2007,CLE,M. Brown
2006/2007,ATL,M. Woodson
2006/2007,MIA,P. Riley
2006/2007,CHA,B. Bickerstaff
2006/2007,ORL,B. Hill
2006/2007,WAS,E. Jordan
2006/2007,PHI,M. Cheeks
2006/2007,NYK,I. Thomas
2006/2007,BOS,D. Rivers
2006/2007,NJN,L. Frank
2006/2007,TOR,S. Mitchell
2006/2007,UTA,J. Sloan
2006/2007,DEN,G. Karl
2006/2007,SEA,B. Hill
2006/2007,MIN,D. Casey
2006/2007,POR,N. McMillan
2006/2007,LAL,P. Jackson
2006/2007,LAC,M. Dunleavy
2006/2007,PHO,M. D'Antoni
2006/2007,GSW,D. Nelson
2006/2007,SAC,E. Musselman
2006/2007,NOK,B. Scott
2006/2007,HOU,J. Van Gundy
2006/2007,SAS,G. Popovich
2006/2007,MEM,M. Fratello
2006/2007,DAL,A. Johnson
2007/2008,MIL,L. Krystkowiak
2007/2008,CHI,S. Skiles
2007/2008,IND,J. O'Brien
2007/2008,DET,F. Saunders
2007/2008,CLE,M. Brown
2007/2008,ATL,M. Woodson
2007/2008,MIA,P. Riley
2007/2008,CHA,S. Vincent
2007/2008,ORL,S. Van Gundy
2007/2008,WAS,E. Jordan
2007/2008,PHI,M. Cheeks
2007/2008,NYK,I. Thomas
2007/2008,BOS,D. Rivers
2007/2008,NJN,L. Frank
2007/2008,TOR,S. Mitchell
2007/2008,UTA,J. Sloan
2007/2008,DEN,G. Karl
2007/2008,SEA,P. Carlesimo
2007/2008,MIN,R. Wittman
2007/2008,POR,N. McMillan
2007/2008,LAL,P. Jackson
2007/2008,LAC,M. Dunleavy
2007/2008,PHO,M. D'Antoni
2007/2008,GSW,D. Nelson
2007/2008,SAC,R. Theus
2007/2008,NOH,B. Scott
2007/2008,HOU,R. Adelman
2007/2008,SAS,G. Popovich
2007/2008,MEM,M. Iavaroni
2007/2008,DAL,A. Johnson
2008/2009,MIL,S. Skiles
2008/2009,CHI,V. Del Negro
2008/2009,IND,J. O'Brien
2008/2009,DET,M. Curry
2008/2009,CLE,M. Brown
2008/2009,ATL,M. Woodson
2008/2009,MIA,E. Spoelstra
2008/2009,CHA,L. Brown
2008/2009,ORL,S. Van Gundy
2008/2009,WAS,E. Jordan
2008/2009,PHI,M. Cheeks
2008/2009,NYK,M. D'Antoni
2008/2009,BOS,D. Rivers
2008/2009,NJN,L. Frank
2008/2009,TOR,S. Mitchell
2008/2009,UTA,J. Sloan
2008/2009,DEN,G. Karl
2008/2009,OKC,P. Carlesimo
2008/2009,MIN,R. Wittman
2008/2009,POR,N. McMillan
2008/2009,LAL,P. Jackson
2008/2009,LAC,M. Dunleavy
2008/2009,PHO,T. Porter
2008/2009,GSW,D. Nelson
2008/2009,SAC,R. Theus
2008/2009,NOH,B. Scott
2008/2009,HOU,R. Adelman
2008/2009,SAS,G. Popovich
2008/2009,MEM,M. Iavaroni
2008/2009,DAL,R. Carlisle
2009/2010,MIL,S. Skiles
2009/2010,CHI,V. Del Negro
2009/2010,IND,J. O'Brien
2009/2010,DET,J. Kuester
2009/2010,CLE,M. Brown
2009/2010,ATL,M. Woodson
2009/2010,MIA,E. Spoelstra
2009/2010,CHA,L. Brown
2009/2010,ORL,S. Van Gundy
2009/2010,WAS,F. Saunders
2009/2010,PHI,E. Jordan
2009/2010,NYK,M. D'Antoni
2009/2010,BOS,D. Rivers
2009/2010,NJN,L. Frank
2009/2010,TOR,J. Triano
2009/2010,UTA,J. Sloan
2009/2010,DEN,G. Karl
2009/2010,OKC,S. Brooks
2009/2010,MIN,K. Rambis
2009/2010,POR,N. McMillan
2009/2010,LAL,P. Jackson
2009/2010,LAC,M. Dunleavy
2009/2010,PHO,A. Gentry
2009/2010,GSW,D. Nelson
2009/2010,SAC,P. Westphal
2009/2010,NOH,B. Scott
2009/2010,HOU,R. Adelman
2009/2010,SAS,G. Popovich
2009/2010,MEM,L. Hollins
2009/2010,DAL,R. Carlisle
2010/2011,MIL,S. Skiles
2010/2011,CHI,T. Thibodeau
2010/2011,IND,J. O'Brien
2010/2011,DET,J. Kuester
2010/2011,CLE,B. Scott
2010/2011,ATL,L. Drew
2010/2011,MIA,E. Spoelstra
2010/2011,CHA,L. Brown
2010/2011,ORL,S. Van Gundy
2010/2011,WAS,F. Saunders
2010/2011,PHI,D. Collins
2010/2011,NYK,M. D'Antoni
2010/2011,BOS,D. Rivers
2010/2011,NJN,A. Johnson
2010/2011,TOR,J. Triano
2010/2011,UTA,J. Sloan
2010/2011,DEN,G. Karl
2010/2011,OKC,S. Brooks
2010/2011,MIN,K. Rambis
2010/2011,POR,N. McMillan
2010/2011,LAL,P. Jackson
2010/2011,LAC,V. Del Negro
2010/2011,PHO,A. Gentry
2010/2011,GSW,K. Smart
2010/2011,SAC,P. Westphal
2010/2011,NOH,M. Williams
2010/2011,HOU,R. Adelman
2010/2011,SAS,G. Popovich
2010/2011,MEM,L. Hollins
2010/2011,DAL,R. Carlisle
2011/2012,MIL,S. Skiles
2011/2012,CHI,T. Thibodeau
2011/2012,IND,F. Vogel
2011/2012,DET,L. Frank
2011/2012,CLE,B. Scott
2011/2012,ATL,L. Drew
2011/2012,MIA,E. Spoelstra
2011/2012,CHA,P. Silas
2011/2012,ORL,S. Van Gundy
2011/2012,WAS,F. Saunders
2011/2012,PHI,D. Collins
2011/2012,NYK,M. D'Antoni
2011/2012,BOS,D. Rivers
2011/2012,NJN,A. Johnson
2011/2012,TOR,D. Casey
2011/2012,UTA,T. Corbin
2011/2012,DEN,G. Karl
2011/2012,OKC,S. Brooks
2011/2012,MIN,R. Adelman
2011/2012,POR,N. McMillan
2011/2012,LAL,M. Brown
2011/2012,LAC,V. Del Negro
2011/2012,PHO,A. Gentry
2011/2012,GSW,M. Jackson
2011/2012,SAC,P. Westphal
2011/2012,NOH,M. Williams
2011/2012,HOU,K. McHale
2011/2012,SAS,G. Popovich
2011/2012,MEM,L. Hollins
2011/2012,DAL,R. Carlisle
2012/2013,MIL,S. Skiles
2012/2013,CHI,T. Thibodeau
2012/2013,IND,F. Vogel
2012/2013,DET,L. Frank
2012/2013,CLE,B. Scott
2012/2013,ATL,L. Drew
2012/2013,MIA,E. Spoelstra
2012/2013,CHA,M. Dunlap
2012/2013,ORL,J. Vaughn
2012/2013,WAS,R. Wittman
2012/2013,PHI,D. Collins
2012/2013,NYK,M. Woodson
2012/2013,BOS,D. Rivers
2012/2013,BRK,A. Johnson
2012/2013,TOR,D. Casey
2012/2013,UTA,T. Corbin
2012/2013,DEN,G. Karl
2012/2013,OKC,S. Brooks
2012/2013,MIN,R. Adelman
2012/2013,POR,T. Stotts
2012/2013,LAL,M. Brown
2012/2013,LAC,V. Del Negro
2012/2013,PHO,A. Gentry
2012/2013,GSW,M. Jackson
2012/2013,SAC,K. Smart
2012/2013,NOH,M. Williams
2012/2013,HOU,K. McHale
2012/2013,SAS,G. Popovich
2012/2013,MEM,L. Hollins
2012/2013,DAL,R. Carlisle
2013/2014,MIL,L. Drew
2013/2014,CHI,T. Thibodeau
2013/2014,IND,F. Vogel
2013/2014,DET,M. Cheeks
2013/2014,CLE,M. Brown
2013/2014,ATL,M. Budenholzer
2013/2014,MIA,E. Spoelstra
2013/2014,CHA,S. Clifford
2013/2014,ORL,J. Vaughn
2013/2014,WAS,R. Wittman
2013/2014,PHI,B. Brown
2013/2014,NYK,M. Woodson
2013/2014,BOS,B. Stevens
2013/2014,BRK,J. Kidd
2013/2014,TOR,D. Casey
2013/2014,UTA,T. Corbin
2013/2014,DEN,B. Shaw
2013/2014,OKC,S. Brooks
2013/2014,MIN,R. Adelman
2013/2014,POR,T. Stotts
2013/2014,LAL,M. D'Antoni
2013/2014,LAC,D. Rivers
2013/2014,PHO,J. Hornacek
2013/2014,GSW,M. Jackson
2013/2014,SAC,M. Malone
2013/2014,NOP,M. Williams
2013/2014,HOU,K. McHale
2013/2014,SAS,G. Popovich
2013/2014,MEM,D. Joerger
2013/2014,DAL,R. Carlisle
2014/2015,MIL,J. Kidd
2014/2015,CHI,T. Thibodeau
2014/2015,IND,F. Vogel
2014/2015,DET,S. Van Gundy
2014/2015,CLE,D. Blatt
2014/2015,ATL,M. Budenholzer
2014/2015,MIA,E. Spoelstra
2014/2015,CHO,S. Clifford
2014/2015,ORL,J. Vaughn
2014/2015,WAS,R. Wittman
2014/2015,PHI,B. Brown
2014/2015,NYK,D. Fisher
2014/2015,BOS,B. Stevens
2014/2015,BRK,L. Hollins
2014/2015,TOR,D. Casey
2014/2015,UTA,Q. Snyder
2014/2015,DEN,B. Shaw
2014/2015,OKC,S. Brooks
2014/2015,MIN,F. Saunders
2014/2015,POR,T. Stotts
2014/2015,LAL,B. Scott
2014/2015,LAC,D. Rivers
2014/2015,PHO,J. Hornacek
2014/2015,GSW,S. Kerr
2014/2015,SAC,M. Malone
2014/2015,NOP,M. Williams
2014/2015,HOU,K. McHale
2014/2015,SAS,G. Popovich
2014/2015,MEM,D. Joerger
2014/2015,DAL,R. Carlisle
2015/2016,MIL,J. Kidd
2015/2016,CHI,F. Hoiberg
2015/2016,IND,F. Vogel
2015/2016,DET,S. Van Gundy
2015/2016,CLE,D. Blatt
2015/2016,ATL,M. Budenholzer
2015/2016,MIA,E. Spoelstra
2015/2016,CHO,S. Clifford
2015/2016,ORL,S. Skiles
2015/2016,WAS,R. Wittman
2015/2016,PHI,B. Brown
2015/2016,NYK,D. Fisher
2015/2016,BOS,B. Stevens
2015/2016,BRK,L. Hollins
2015/2016,TOR,D. Casey
2015/2016,UTA,Q. Snyder
2015/2016,DEN,M. Malone
2015/2016,OKC,B. Donovan
2015/2016,MIN,S. Mitchell
2015/2016,POR,T. Stotts
2015/2016,LAL,B. Scott
2015/2016,LAC,D. Rivers
2015/2016,PHO,J. Hornacek
2015/2016,GSW,S. Kerr
2015/2016,SAC,G. Karl
2015/2016,NOP,A. Gentry
2015/2016,HOU,K. McHale
2015/2016,SAS,G. Popovich
2015/2016,MEM,D. Joerger
2015/2016,DAL,R. Carlisle
2016/2017,MIL,J. Kidd
2016/2017,CHI,F. Hoiberg
2016/2017,IND,N. McMillan
2016/2017,DET,S. Van Gundy
2016/2017,CLE,T. Lue
2016/2017,ATL,M. Budenholzer
2016/2017,MIA,E. Spoelstra
2016/2017,CHO,S. Clifford
2016/2017,ORL,F. Vogel
2016/2017,WAS,S. Brooks
2016/2017,PHI,B. Brown
2016/2017,NYK,J. Hornacek
2016/2017,BOS,B. Stevens
2016/2017,BRK,K. Atkinson
2016/2017,TOR,D. Casey
2016/2017,UTA,Q. Snyder
2016/2017,DEN,M. Malone
2016/2017,OKC,B. Donovan
2016/2017,MIN,T. Thibodeau
2016/2017,POR,T. Stotts
2016/2017,LAL,L. Walton
2016/2017,LAC,D. Rivers
2016/2017,PHO,E. Watson
2016/2017,GSW,S. Kerr
2016/2017,SAC,D. Joerger
2016/2017,NOP,A. Gentry
2016/2017,HOU,M. D'Antoni
2016/2017,SAS,G. Popovich
2016/2017,MEM,D. Fizdale
2016/2017,DAL,R. Carlisle
2017/2018,MIL,J. Kidd
2017/2018,CHI,F. Hoiberg
2017/2018,IND,N. McMillan
2017/2018,DET,S. Van Gundy
2017/2018,CLE,T. Lue
2017/2018,ATL,M. Budenholzer
2017/2018,MIA,E. Spoelstra
2017/2018,CHO,S. Clifford
2017/2018,ORL,F. Vogel
2017/2018,WAS,S. Brooks
2017/2018,PHI,B. Brown
2017/2018,NYK,J. Hornacek
2017/2018,BOS,B. Stevens
2017/2018,BRK,K. Atkinson
2017/2018,TOR,D. Casey
2017/2018,UTA,Q. Snyder
2017/2018,DEN,M. Malone
2017/2018,OKC,B. Donovan
2017/2018,MIN,T. Thibodeau
2017/2018,POR,T. Stotts
2017/2018,LAL,L. Walton
2017/2018,LAC,D. Rivers
2017/2018,PHO,E. Watson
2017/2018,GSW,S. Kerr
2017/2018,SAC,D. Joerger
2017/2018,NOP,A. Gentry
2017/2018,HOU,M. D'Antoni
2017/2018,SAS,G. Popovich
2017/2018,MEM,D. Fizdale
2017/2018,DAL,R. Carlisle
2018/2019,MIL,M. Budenholzer
2018/2019,CHI,F. Hoiberg
2018/2019,IND,N. McMillan
2018/2019,DET,D. Casey
2018/2019,CLE,T. Lue
2018/2019,ATL,L. Pierce
2018/2019,MIA,E. Spoelstra
2018/2019,CHO,J. Borrego
2018/2019,ORL,S. Clifford
2018/2019,WAS,S. Brooks
2018/2019,PHI,B. Brown
2018/2019,NYK,D. Fizdale
2018/2019,BOS,B. Stevens
2018/2019,BRK,K. Atkinson
2018/2019,TOR,N. Nurse
2018/2019,UTA,Q. Snyder
2018/2019,DEN,M. Malone
2018/2019,OKC,B. Donovan
2018/2019,MIN,T. Thibodeau
2018/2019,POR,T. Stotts
2018/2019,LAL,L. Walton
2018/2019,LAC,D. Rivers
2018/2019,PHO,I. Kokoskov
2018/2019,GSW,S. Kerr
2018/2019,SAC,D. Joerger
2018/2019,NOP,A. Gentry
2018/2019,HOU,M. D'Antoni
2018/2019,SAS,G. Popovich
2018/2019,MEM,J. Bickerstaff
2018/2019,DAL,R. Carlisle
2019/2020,MIL,M. Budenholzer
2019/2020,CHI,J. Boylen
2019/2020,IND,N. McMillan
2019/2020,DET,D. Casey
2019/2020,CLE,J. Beilein
2019/2020,ATL,L. Pierce
2019/2020,MIA,E. Spoelstra
2019/2020,CHO,J. Borrego
2019/2020,ORL,S. Clifford
2019/2020,WAS,S. Brooks
2019/2020,PHI,B. Brown
2019/2020,NYK,D. Fizdale
2019/2020,BOS,B. Stevens
2019/2020,BRK,K. Atkinson
2019/2020,TOR,N. Nurse
2019/2020,UTA,Q. Snyder
2019/2020,DEN,M. Malone
2019/2020,OKC,B. Donovan
2019/2020,MIN,R. Saunders
2019/2020,POR,T. Stotts
2019/2020,LAL,F. Vogel
2019/2020,LAC,D. Rivers
2019/2020,PHO,M. Williams
2019/2020,GSW,S. Kerr
2019/2020,SAC,L. Walton
2019/2020,NOP,A. Gentry
2019/2020,HOU,M. D'Antoni
2019/2020,SAS,G. Popovich
2019/2020,MEM,T. Jenkins
2019/2020,DAL,R. Carlisle